File Name: 12_Sample12_device3_It_150kV_VDrain1V_VGate1V.dat;;;;
File Data: 15/12/2023;11:36:45;;;
Start V: 0;;;;
Step V: 0;;;;
Stop V: 0;;;;
Range V: 200;;;;
Delay(ms): 0;;;;
Auorange: yes;;;;
Sweep type: log;;;;
Instrument Meter: SM2614;;;;
Time(ms);Vdrain(V);Idrain(A);Vgate(V);Igate(A)
0.00E+00;1.00E+00;8.87E-10;1.00E+00;9.35E-11
9.90E+02;1.00E+00;8.24E-10;1.00E+00;9.35E-12
1.49E+03;1.00E+00;7.81E-10;1.00E+00;8.29E-12
1.99E+03;1.00E+00;7.62E-10;1.00E+00;7.52E-12
2.49E+03;1.00E+00;7.43E-10;1.00E+00;7.31E-12
2.99E+03;1.00E+00;7.21E-10;1.00E+00;6.78E-12
3.49E+03;1.00E+00;7.03E-10;1.00E+00;6.29E-12
3.99E+03;1.00E+00;7.00E-10;1.00E+00;6.10E-12
4.49E+03;1.00E+00;6.75E-10;1.00E+00;5.93E-12
4.99E+03;1.00E+00;6.59E-10;1.00E+00;5.76E-12
5.49E+03;1.00E+00;6.47E-10;1.00E+00;5.53E-12
5.99E+03;1.00E+00;6.29E-10;1.00E+00;5.27E-12
6.49E+03;1.00E+00;6.15E-10;1.00E+00;4.97E-12
6.99E+03;1.00E+00;6.00E-10;1.00E+00;4.98E-12
7.49E+03;1.00E+00;5.96E-10;1.00E+00;4.63E-12
7.99E+03;1.00E+00;5.87E-10;1.00E+00;4.60E-12
8.49E+03;1.00E+00;5.78E-10;1.00E+00;4.40E-12
8.99E+03;1.00E+00;5.59E-10;1.00E+00;4.22E-12
9.49E+03;1.00E+00;5.48E-10;1.00E+00;3.86E-12
9.99E+03;1.00E+00;5.47E-10;1.00E+00;3.68E-12
1.05E+04;1.00E+00;5.35E-10;1.00E+00;3.94E-12
1.10E+04;1.00E+00;5.31E-10;1.00E+00;3.79E-12
1.15E+04;1.00E+00;5.20E-10;1.00E+00;3.77E-12
1.20E+04;1.00E+00;5.15E-10;1.00E+00;3.60E-12
1.25E+04;1.00E+00;5.05E-10;1.00E+00;3.59E-12
1.30E+04;1.00E+00;5.01E-10;1.00E+00;3.52E-12
1.35E+04;1.00E+00;4.90E-10;1.00E+00;3.14E-12
1.40E+04;1.00E+00;4.89E-10;1.00E+00;3.03E-12
1.45E+04;1.00E+00;4.80E-10;1.00E+00;3.19E-12
1.50E+04;1.00E+00;4.73E-10;1.00E+00;3.15E-12
1.55E+04;1.00E+00;4.71E-10;1.00E+00;2.86E-12
1.60E+04;1.00E+00;4.64E-10;1.00E+00;2.68E-12
1.65E+04;1.00E+00;4.59E-10;1.00E+00;2.87E-12
1.70E+04;1.00E+00;4.51E-10;1.00E+00;2.67E-12
1.75E+04;1.00E+00;4.45E-10;1.00E+00;2.37E-12
1.80E+04;1.00E+00;4.38E-10;1.00E+00;2.74E-12
1.85E+04;1.00E+00;4.28E-10;1.00E+00;2.37E-12
1.90E+04;1.00E+00;4.23E-10;1.00E+00;2.23E-12
1.95E+04;1.00E+00;4.18E-10;1.00E+00;2.26E-12
2.00E+04;1.00E+00;4.15E-10;1.00E+00;2.42E-12
2.05E+04;1.00E+00;4.09E-10;1.00E+00;2.30E-12
2.10E+04;1.00E+00;4.05E-10;1.00E+00;2.14E-12
2.15E+04;1.00E+00;3.99E-10;1.00E+00;2.10E-12
2.20E+04;1.00E+00;3.95E-10;1.00E+00;2.11E-12
2.25E+04;1.00E+00;3.86E-10;1.00E+00;1.94E-12
2.30E+04;1.00E+00;3.82E-10;1.00E+00;1.99E-12
2.35E+04;1.00E+00;3.78E-10;1.00E+00;2.22E-12
2.40E+04;1.00E+00;3.69E-10;1.00E+00;1.96E-12
2.45E+04;1.00E+00;3.68E-10;1.00E+00;1.92E-12
2.50E+04;1.00E+00;3.65E-10;1.00E+00;1.78E-12
2.55E+04;1.00E+00;3.63E-10;1.00E+00;1.72E-12
2.60E+04;1.00E+00;3.56E-10;1.00E+00;1.78E-12
2.65E+04;1.00E+00;3.52E-10;1.00E+00;1.72E-12
2.70E+04;1.00E+00;3.45E-10;1.00E+00;1.75E-12
2.75E+04;1.00E+00;3.44E-10;1.00E+00;1.55E-12
2.80E+04;1.00E+00;3.37E-10;1.00E+00;1.32E-12
2.85E+04;1.00E+00;3.37E-10;1.00E+00;1.41E-12
2.90E+04;1.00E+00;3.36E-10;1.00E+00;1.38E-12
2.95E+04;1.00E+00;3.32E-10;1.00E+00;1.56E-12
3.00E+04;1.00E+00;3.27E-10;1.00E+00;1.53E-12
3.05E+04;1.00E+00;3.26E-10;1.00E+00;1.38E-12
3.10E+04;1.00E+00;3.29E-10;1.00E+00;1.30E-12
3.15E+04;1.00E+00;3.28E-10;1.00E+00;1.17E-12
3.20E+04;1.00E+00;3.24E-10;1.00E+00;1.18E-12
3.25E+04;1.00E+00;3.20E-10;1.00E+00;9.99E-13
3.30E+04;1.00E+00;3.14E-10;1.00E+00;9.78E-13
3.35E+04;1.00E+00;3.11E-10;1.00E+00;9.56E-13
3.40E+04;1.00E+00;3.09E-10;1.00E+00;7.55E-13
3.45E+04;1.00E+00;3.06E-10;1.00E+00;8.09E-13
3.50E+04;1.00E+00;3.04E-10;1.00E+00;8.88E-13
3.55E+04;1.00E+00;2.98E-10;1.00E+00;7.94E-13
3.60E+04;1.00E+00;2.97E-10;1.00E+00;8.09E-13
3.65E+04;1.00E+00;2.95E-10;1.00E+00;8.64E-13
3.70E+04;1.00E+00;2.92E-10;1.00E+00;6.47E-13
3.75E+04;1.00E+00;2.93E-10;1.00E+00;5.97E-13
3.80E+04;1.00E+00;2.94E-10;1.00E+00;5.95E-13
3.85E+04;1.00E+00;2.88E-10;1.00E+00;5.53E-13
3.90E+04;1.00E+00;2.83E-10;1.00E+00;5.36E-13
3.95E+04;1.00E+00;2.81E-10;1.00E+00;7.24E-13
4.00E+04;1.00E+00;2.75E-10;1.00E+00;5.88E-13
4.05E+04;1.00E+00;2.79E-10;1.00E+00;5.11E-13
4.10E+04;1.00E+00;2.73E-10;1.00E+00;5.79E-13
4.15E+04;1.00E+00;2.71E-10;1.00E+00;5.38E-13
4.20E+04;1.00E+00;2.68E-10;1.00E+00;5.46E-13
4.25E+04;1.00E+00;2.70E-10;1.00E+00;4.76E-13
4.30E+04;1.00E+00;2.66E-10;1.00E+00;4.84E-13
4.35E+04;1.00E+00;2.67E-10;1.00E+00;5.95E-13
4.40E+04;1.00E+00;2.63E-10;1.00E+00;5.30E-13
4.45E+04;1.00E+00;2.60E-10;1.00E+00;4.61E-13
4.50E+04;1.00E+00;2.60E-10;1.00E+00;4.05E-13
4.55E+04;1.00E+00;2.59E-10;1.00E+00;5.01E-13
4.60E+04;1.00E+00;2.59E-10;1.00E+00;3.21E-13
4.65E+04;1.00E+00;2.56E-10;1.00E+00;2.41E-13
4.70E+04;1.00E+00;2.53E-10;1.00E+00;2.09E-13
4.75E+04;1.00E+00;2.55E-10;1.00E+00;1.12E-13
4.80E+04;1.00E+00;2.49E-10;1.00E+00;1.06E-13
4.85E+04;1.00E+00;2.45E-10;1.00E+00;9.18E-14
4.90E+04;1.00E+00;2.44E-10;1.00E+00;1.69E-13
4.95E+04;1.00E+00;2.45E-10;1.00E+00;3.29E-13
5.00E+04;1.00E+00;2.43E-10;1.00E+00;1.87E-13
5.05E+04;1.00E+00;2.38E-10;1.00E+00;-2.03E-14
5.10E+04;1.00E+00;2.38E-10;1.00E+00;3.70E-14
5.15E+04;1.00E+00;2.35E-10;1.00E+00;1.00E-13
5.20E+04;1.00E+00;2.32E-10;1.00E+00;-7.39E-14
5.25E+04;1.00E+00;2.30E-10;1.00E+00;9.06E-14
5.30E+04;1.00E+00;2.31E-10;1.00E+00;-3.93E-14
5.35E+04;1.00E+00;2.31E-10;1.00E+00;2.38E-14
5.40E+04;1.00E+00;2.26E-10;1.00E+00;9.30E-14
5.45E+04;1.00E+00;2.22E-10;1.00E+00;6.91E-14
5.50E+04;1.00E+00;2.22E-10;1.00E+00;-3.70E-14
5.55E+04;1.00E+00;2.19E-10;1.00E+00;-6.32E-14
5.60E+04;1.00E+00;2.19E-10;1.00E+00;-8.82E-14
5.65E+04;1.00E+00;2.17E-10;1.00E+00;-2.05E-13
5.70E+04;1.00E+00;2.20E-10;1.00E+00;-1.68E-13
5.75E+04;1.00E+00;2.18E-10;1.00E+00;-2.54E-13
5.80E+04;1.00E+00;2.17E-10;1.00E+00;-1.10E-13
5.85E+04;1.00E+00;2.15E-10;1.00E+00;-2.23E-13
5.90E+04;1.00E+00;2.13E-10;1.00E+00;-7.39E-14
5.95E+04;1.00E+00;2.12E-10;1.00E+00;-1.85E-13
6.00E+04;1.00E+00;2.12E-10;1.00E+00;-2.16E-13
6.05E+04;1.00E+00;2.12E-10;1.00E+00;-3.81E-14
6.10E+04;1.00E+00;2.11E-10;1.00E+00;-5.13E-14
6.15E+04;1.00E+00;2.12E-10;1.00E+00;4.89E-14
6.20E+04;1.00E+00;2.12E-10;1.00E+00;-6.44E-14
6.25E+04;1.00E+00;2.10E-10;1.00E+00;-4.77E-14
6.30E+04;1.00E+00;2.07E-10;1.00E+00;-1.92E-13
6.35E+04;1.00E+00;2.06E-10;1.00E+00;-9.30E-14
6.40E+04;1.00E+00;2.04E-10;1.00E+00;-2.85E-13
6.45E+04;1.00E+00;2.04E-10;1.00E+00;-3.87E-13
6.50E+04;1.00E+00;2.06E-10;1.00E+00;-2.38E-13
6.55E+04;1.00E+00;2.03E-10;1.00E+00;-3.70E-13
6.60E+04;1.00E+00;2.02E-10;1.00E+00;-4.72E-13
6.65E+04;1.00E+00;2.00E-10;1.00E+00;-3.21E-13
6.70E+04;1.00E+00;2.04E-10;1.00E+00;-2.91E-13
6.75E+04;1.00E+00;2.01E-10;1.00E+00;-4.47E-13
6.80E+04;1.00E+00;1.96E-10;1.00E+00;-3.06E-13
6.85E+04;1.00E+00;1.95E-10;1.00E+00;-3.61E-13
6.90E+04;1.00E+00;1.94E-10;1.00E+00;-4.22E-13
6.95E+04;1.00E+00;1.95E-10;1.00E+00;-4.51E-13
7.00E+04;1.00E+00;1.93E-10;1.00E+00;-5.07E-13
7.05E+04;1.00E+00;1.90E-10;1.00E+00;-4.32E-13
7.10E+04;1.00E+00;1.87E-10;1.00E+00;-4.32E-13
7.15E+04;1.00E+00;1.90E-10;1.00E+00;-4.58E-13
7.20E+04;1.00E+00;1.90E-10;1.00E+00;-4.43E-13
7.25E+04;1.00E+00;1.90E-10;1.00E+00;-4.41E-13
7.30E+04;1.00E+00;1.89E-10;1.00E+00;-4.78E-13
7.35E+04;1.00E+00;1.87E-10;1.00E+00;-4.73E-13
7.40E+04;1.00E+00;1.87E-10;1.00E+00;-4.51E-13
7.45E+04;1.00E+00;1.86E-10;1.00E+00;-4.49E-13
7.50E+04;1.00E+00;1.83E-10;1.00E+00;-6.01E-13
7.55E+04;1.00E+00;1.84E-10;1.00E+00;-5.15E-13
7.60E+04;1.00E+00;1.85E-10;1.00E+00;-3.28E-13
7.65E+04;1.00E+00;1.82E-10;1.00E+00;-5.45E-13
7.70E+04;1.00E+00;1.83E-10;1.00E+00;-6.76E-13
7.75E+04;1.00E+00;1.82E-10;1.00E+00;-5.02E-13
7.80E+04;1.00E+00;1.81E-10;1.00E+00;-6.37E-13
7.85E+04;1.00E+00;1.79E-10;1.00E+00;-7.34E-13
7.90E+04;1.00E+00;1.81E-10;1.00E+00;-5.64E-13
7.95E+04;1.00E+00;1.79E-10;1.00E+00;-7.68E-13
8.00E+04;1.00E+00;1.76E-10;1.00E+00;-6.93E-13
8.05E+04;1.00E+00;1.77E-10;1.00E+00;-7.52E-13
8.10E+04;1.00E+00;1.77E-10;1.00E+00;-7.44E-13
8.15E+04;1.00E+00;1.76E-10;1.00E+00;-5.16E-13
8.20E+04;1.00E+00;1.76E-10;1.00E+00;-6.68E-13
8.25E+04;1.00E+00;1.74E-10;1.00E+00;-7.01E-13
8.30E+04;1.00E+00;1.72E-10;1.00E+00;-6.72E-13
8.35E+04;1.00E+00;1.75E-10;1.00E+00;-5.72E-13
8.40E+04;1.00E+00;1.75E-10;1.00E+00;-8.11E-13
8.45E+04;1.00E+00;1.72E-10;1.00E+00;-8.26E-13
8.50E+04;1.00E+00;1.71E-10;1.00E+00;-9.32E-13
8.55E+04;1.00E+00;1.71E-10;1.00E+00;-1.04E-12
8.60E+04;1.00E+00;1.71E-10;1.00E+00;-8.81E-13
8.65E+04;1.00E+00;1.70E-10;1.00E+00;-7.94E-13
8.70E+04;1.00E+00;1.69E-10;1.00E+00;-9.38E-13
8.75E+04;1.00E+00;1.70E-10;1.00E+00;-9.92E-13
8.80E+04;1.00E+00;1.68E-10;1.00E+00;-1.01E-12
8.85E+04;1.00E+00;1.69E-10;1.00E+00;-1.09E-12
8.90E+04;1.00E+00;1.68E-10;1.00E+00;-9.49E-13
8.95E+04;1.00E+00;1.65E-10;1.00E+00;-1.03E-12
9.00E+04;1.00E+00;1.67E-10;1.00E+00;-1.10E-12
9.05E+04;1.00E+00;1.66E-10;1.00E+00;-1.14E-12
9.10E+04;1.00E+00;1.68E-10;1.00E+00;-1.13E-12
9.15E+04;1.00E+00;1.66E-10;1.00E+00;-1.08E-12
9.20E+04;1.00E+00;1.64E-10;1.00E+00;-1.13E-12
9.25E+04;1.00E+00;1.65E-10;1.00E+00;-1.06E-12
9.30E+04;1.00E+00;1.64E-10;1.00E+00;-1.19E-12
9.35E+04;1.00E+00;1.62E-10;1.00E+00;-1.06E-12
9.40E+04;1.00E+00;1.62E-10;1.00E+00;-1.27E-12
9.45E+04;1.00E+00;1.61E-10;1.00E+00;-1.21E-12
9.50E+04;1.00E+00;1.60E-10;1.00E+00;-1.23E-12
9.55E+04;1.00E+00;1.61E-10;1.00E+00;-1.36E-12
9.60E+04;1.00E+00;1.60E-10;1.00E+00;-1.33E-12
9.65E+04;1.00E+00;1.59E-10;1.00E+00;-1.29E-12
9.70E+04;1.00E+00;1.59E-10;1.00E+00;-1.28E-12
9.75E+04;1.00E+00;1.59E-10;1.00E+00;-1.42E-12
9.80E+04;1.00E+00;1.56E-10;1.00E+00;-1.29E-12
9.85E+04;1.00E+00;1.58E-10;1.00E+00;-1.19E-12
9.90E+04;1.00E+00;1.56E-10;1.00E+00;-1.27E-12
9.95E+04;1.00E+00;1.59E-10;1.00E+00;-1.29E-12
1.00E+05;1.00E+00;1.57E-10;1.00E+00;-1.40E-12
1.00E+05;1.00E+00;1.57E-10;1.00E+00;-1.46E-12
1.01E+05;1.00E+00;1.53E-10;1.00E+00;-1.44E-12
1.01E+05;1.00E+00;1.53E-10;1.00E+00;-1.37E-12
1.02E+05;1.00E+00;1.53E-10;1.00E+00;-1.25E-12
1.02E+05;1.00E+00;1.53E-10;1.00E+00;-1.21E-12
1.03E+05;1.00E+00;1.51E-10;1.00E+00;-1.29E-12
1.03E+05;1.00E+00;1.50E-10;1.00E+00;-1.27E-12
1.04E+05;1.00E+00;1.50E-10;1.00E+00;-1.27E-12
1.04E+05;1.00E+00;1.48E-10;1.00E+00;-1.27E-12
1.05E+05;1.00E+00;1.47E-10;1.00E+00;-1.28E-12
1.05E+05;1.00E+00;1.49E-10;1.00E+00;-1.47E-12
1.06E+05;1.00E+00;1.47E-10;1.00E+00;-1.36E-12
1.06E+05;1.00E+00;1.48E-10;1.00E+00;-1.35E-12
1.07E+05;1.00E+00;1.47E-10;1.00E+00;-1.43E-12
1.07E+05;1.00E+00;1.46E-10;1.00E+00;-1.51E-12
1.08E+05;1.00E+00;1.45E-10;1.00E+00;-1.38E-12
1.08E+05;1.00E+00;1.44E-10;1.00E+00;-1.51E-12
1.09E+05;1.00E+00;1.43E-10;1.00E+00;-1.41E-12
1.09E+05;1.00E+00;1.43E-10;1.00E+00;-1.42E-12
1.10E+05;1.00E+00;1.41E-10;1.00E+00;-1.41E-12
1.10E+05;1.00E+00;1.41E-10;1.00E+00;-1.26E-12
1.11E+05;1.00E+00;1.42E-10;1.00E+00;-1.44E-12
1.11E+05;1.00E+00;1.42E-10;1.00E+00;-1.33E-12
1.12E+05;1.00E+00;1.40E-10;1.00E+00;-1.29E-12
1.12E+05;1.00E+00;1.40E-10;1.00E+00;-1.24E-12
1.13E+05;1.00E+00;1.38E-10;1.00E+00;-1.15E-12
1.13E+05;1.00E+00;1.39E-10;1.00E+00;-1.15E-12
1.14E+05;1.00E+00;1.40E-10;1.00E+00;-1.25E-12
1.14E+05;1.00E+00;1.39E-10;1.00E+00;-1.26E-12
1.15E+05;1.00E+00;1.38E-10;1.00E+00;-1.28E-12
1.15E+05;1.00E+00;1.39E-10;1.00E+00;-1.51E-12
1.16E+05;1.00E+00;1.40E-10;1.00E+00;-1.46E-12
1.16E+05;1.00E+00;1.37E-10;1.00E+00;-1.45E-12
1.17E+05;1.00E+00;1.36E-10;1.00E+00;-1.45E-12
1.17E+05;1.00E+00;1.36E-10;1.00E+00;-1.38E-12
1.18E+05;1.00E+00;1.34E-10;1.00E+00;-1.55E-12
1.18E+05;1.00E+00;1.32E-10;1.00E+00;-1.52E-12
1.19E+05;1.00E+00;1.33E-10;1.00E+00;-1.55E-12
1.19E+05;1.00E+00;1.35E-10;1.00E+00;-1.50E-12
1.20E+05;1.00E+00;1.35E-10;1.00E+00;-1.55E-12
1.20E+05;1.00E+00;1.35E-10;1.00E+00;-1.67E-12
1.21E+05;1.00E+00;1.34E-10;1.00E+00;-1.53E-12
1.21E+05;1.00E+00;1.33E-10;1.00E+00;-1.46E-12
1.22E+05;1.00E+00;1.32E-10;1.00E+00;-1.47E-12
1.22E+05;1.00E+00;1.31E-10;1.00E+00;-1.38E-12
1.23E+05;1.00E+00;1.31E-10;1.00E+00;-1.58E-12
1.23E+05;1.00E+00;1.31E-10;1.00E+00;-1.50E-12
1.24E+05;1.00E+00;1.32E-10;1.00E+00;-1.52E-12
1.24E+05;1.00E+00;1.31E-10;1.00E+00;-1.47E-12
1.25E+05;1.00E+00;1.31E-10;1.00E+00;-1.45E-12
1.25E+05;1.00E+00;1.30E-10;1.00E+00;-1.53E-12
1.26E+05;1.00E+00;1.30E-10;1.00E+00;-1.50E-12
1.26E+05;1.00E+00;1.30E-10;1.00E+00;-1.48E-12
1.27E+05;1.00E+00;1.31E-10;1.00E+00;-1.47E-12
1.27E+05;1.00E+00;1.31E-10;1.00E+00;-1.51E-12
1.28E+05;1.00E+00;1.29E-10;1.00E+00;-1.59E-12
1.28E+05;1.00E+00;1.30E-10;1.00E+00;-1.58E-12
1.29E+05;1.00E+00;1.28E-10;1.00E+00;-1.69E-12
1.29E+05;1.00E+00;1.29E-10;1.00E+00;-1.73E-12
1.30E+05;1.00E+00;1.28E-10;1.00E+00;-1.61E-12
1.30E+05;1.00E+00;1.29E-10;1.00E+00;-1.51E-12
1.31E+05;1.00E+00;1.28E-10;1.00E+00;-1.51E-12
1.31E+05;1.00E+00;1.28E-10;1.00E+00;-1.57E-12
1.32E+05;1.00E+00;1.27E-10;1.00E+00;-1.61E-12
1.32E+05;1.00E+00;1.25E-10;1.00E+00;-1.66E-12
1.33E+05;1.00E+00;1.26E-10;1.00E+00;-1.70E-12
1.33E+05;1.00E+00;1.26E-10;1.00E+00;-1.67E-12
1.34E+05;1.00E+00;1.26E-10;1.00E+00;-1.62E-12
1.34E+05;1.00E+00;1.26E-10;1.00E+00;-1.62E-12
1.35E+05;1.00E+00;1.26E-10;1.00E+00;-1.70E-12
1.35E+05;1.00E+00;1.25E-10;1.00E+00;-1.72E-12
1.36E+05;1.00E+00;1.25E-10;1.00E+00;-1.92E-12
1.36E+05;1.00E+00;1.24E-10;1.00E+00;-1.74E-12
1.37E+05;1.00E+00;1.23E-10;1.00E+00;-1.74E-12
1.37E+05;1.00E+00;1.24E-10;1.00E+00;-1.70E-12
1.38E+05;1.00E+00;1.23E-10;1.00E+00;-1.76E-12
1.38E+05;1.00E+00;1.22E-10;1.00E+00;-1.86E-12
1.39E+05;1.00E+00;1.22E-10;1.00E+00;-1.87E-12
1.39E+05;1.00E+00;1.22E-10;1.00E+00;-1.88E-12
1.40E+05;1.00E+00;1.22E-10;1.00E+00;-1.80E-12
1.40E+05;1.00E+00;1.21E-10;1.00E+00;-1.76E-12
1.41E+05;1.00E+00;1.21E-10;1.00E+00;-1.63E-12
1.41E+05;1.00E+00;1.22E-10;1.00E+00;-1.68E-12
1.42E+05;1.00E+00;1.23E-10;1.00E+00;-1.64E-12
1.42E+05;1.00E+00;1.21E-10;1.00E+00;-1.63E-12
1.43E+05;1.00E+00;1.20E-10;1.00E+00;-1.73E-12
1.43E+05;1.00E+00;1.21E-10;1.00E+00;-1.80E-12
1.44E+05;1.00E+00;1.20E-10;1.00E+00;-1.88E-12
1.44E+05;1.00E+00;1.20E-10;1.00E+00;-1.88E-12
1.45E+05;1.00E+00;1.19E-10;1.00E+00;-1.85E-12
1.45E+05;1.00E+00;1.20E-10;1.00E+00;-1.86E-12
1.46E+05;1.00E+00;1.18E-10;1.00E+00;-1.78E-12
1.46E+05;1.00E+00;1.18E-10;1.00E+00;-1.77E-12
1.47E+05;1.00E+00;1.19E-10;1.00E+00;-1.78E-12
1.47E+05;1.00E+00;1.18E-10;1.00E+00;-1.81E-12
1.48E+05;1.00E+00;1.19E-10;1.00E+00;-1.87E-12
1.48E+05;1.00E+00;1.18E-10;1.00E+00;-1.87E-12
1.49E+05;1.00E+00;1.18E-10;1.00E+00;-1.89E-12
1.49E+05;1.00E+00;1.18E-10;1.00E+00;-1.82E-12
1.50E+05;1.00E+00;1.19E-10;1.00E+00;-1.73E-12
1.50E+05;1.00E+00;1.19E-10;1.00E+00;-1.81E-12
1.51E+05;1.00E+00;1.19E-10;1.00E+00;-1.90E-12
1.51E+05;1.00E+00;1.17E-10;1.00E+00;-1.95E-12
1.52E+05;1.00E+00;1.17E-10;1.00E+00;-2.02E-12
1.52E+05;1.00E+00;1.15E-10;1.00E+00;-1.89E-12
1.53E+05;1.00E+00;1.17E-10;1.00E+00;-1.91E-12
1.53E+05;1.00E+00;1.18E-10;1.00E+00;-1.92E-12
1.54E+05;1.00E+00;1.17E-10;1.00E+00;-1.71E-12
1.54E+05;1.00E+00;1.17E-10;1.00E+00;-1.71E-12
1.55E+05;1.00E+00;1.17E-10;1.00E+00;-1.87E-12
1.55E+05;1.00E+00;1.17E-10;1.00E+00;-1.89E-12
1.56E+05;1.00E+00;1.15E-10;1.00E+00;-1.93E-12
1.56E+05;1.00E+00;1.15E-10;1.00E+00;-1.88E-12
1.57E+05;1.00E+00;1.16E-10;1.00E+00;-1.90E-12
1.57E+05;1.00E+00;1.16E-10;1.00E+00;-1.88E-12
1.58E+05;1.00E+00;1.15E-10;1.00E+00;-1.78E-12
1.58E+05;1.00E+00;1.15E-10;1.00E+00;-1.71E-12
1.59E+05;1.00E+00;1.13E-10;1.00E+00;-1.78E-12
1.59E+05;1.00E+00;1.11E-10;1.00E+00;-1.96E-12
1.60E+05;1.00E+00;1.11E-10;1.00E+00;-1.91E-12
1.60E+05;1.00E+00;1.10E-10;1.00E+00;-1.93E-12
1.61E+05;1.00E+00;1.11E-10;1.00E+00;-1.95E-12
1.61E+05;1.00E+00;1.12E-10;1.00E+00;-1.91E-12
1.62E+05;1.00E+00;1.11E-10;1.00E+00;-1.84E-12
1.62E+05;1.00E+00;1.11E-10;1.00E+00;-1.88E-12
1.63E+05;1.00E+00;1.11E-10;1.00E+00;-1.85E-12
1.63E+05;1.00E+00;1.11E-10;1.00E+00;-1.91E-12
1.64E+05;1.00E+00;1.10E-10;1.00E+00;-1.86E-12
1.64E+05;1.00E+00;1.10E-10;1.00E+00;-1.98E-12
1.65E+05;1.00E+00;1.10E-10;1.00E+00;-2.16E-12
1.65E+05;1.00E+00;1.09E-10;1.00E+00;-2.01E-12
1.66E+05;1.00E+00;1.10E-10;1.00E+00;-2.07E-12
1.66E+05;1.00E+00;1.09E-10;1.00E+00;-2.09E-12
1.67E+05;1.00E+00;1.10E-10;1.00E+00;-2.11E-12
1.67E+05;1.00E+00;1.08E-10;1.00E+00;-2.11E-12
1.68E+05;1.00E+00;1.06E-10;1.00E+00;-2.08E-12
1.68E+05;1.00E+00;1.07E-10;1.00E+00;-1.93E-12
1.69E+05;1.00E+00;1.06E-10;1.00E+00;-1.94E-12
1.69E+05;1.00E+00;1.06E-10;1.00E+00;-2.09E-12
1.70E+05;1.00E+00;1.07E-10;1.00E+00;-2.12E-12
1.70E+05;1.00E+00;1.08E-10;1.00E+00;-2.22E-12
1.71E+05;1.00E+00;1.07E-10;1.00E+00;-2.10E-12
1.71E+05;1.00E+00;1.07E-10;1.00E+00;-2.07E-12
1.72E+05;1.00E+00;1.06E-10;1.00E+00;-2.01E-12
1.72E+05;1.00E+00;1.06E-10;1.00E+00;-1.84E-12
1.73E+05;1.00E+00;1.05E-10;1.00E+00;-2.06E-12
1.73E+05;1.00E+00;1.04E-10;1.00E+00;-2.01E-12
1.74E+05;1.00E+00;1.04E-10;1.00E+00;-1.87E-12
1.74E+05;1.00E+00;1.05E-10;1.00E+00;-1.95E-12
1.75E+05;1.00E+00;1.04E-10;1.00E+00;-1.99E-12
1.75E+05;1.00E+00;1.04E-10;1.00E+00;-1.86E-12
1.76E+05;1.00E+00;1.04E-10;1.00E+00;-2.01E-12
1.76E+05;1.00E+00;1.04E-10;1.00E+00;-1.85E-12
1.77E+05;1.00E+00;1.03E-10;1.00E+00;-1.99E-12
1.77E+05;1.00E+00;1.03E-10;1.00E+00;-1.98E-12
1.78E+05;1.00E+00;1.03E-10;1.00E+00;-1.94E-12
1.78E+05;1.00E+00;1.03E-10;1.00E+00;-2.09E-12
1.79E+05;1.00E+00;1.03E-10;1.00E+00;-1.96E-12
1.79E+05;1.00E+00;1.02E-10;1.00E+00;-1.95E-12
1.80E+05;1.00E+00;1.01E-10;1.00E+00;-2.00E-12
1.80E+05;1.00E+00;1.03E-10;1.00E+00;-1.94E-12
1.81E+05;1.00E+00;1.02E-10;1.00E+00;-1.87E-12
1.81E+05;1.00E+00;1.02E-10;1.00E+00;-1.87E-12
1.82E+05;1.00E+00;1.02E-10;1.00E+00;-1.89E-12
1.82E+05;1.00E+00;1.03E-10;1.00E+00;-1.98E-12
1.83E+05;1.00E+00;1.02E-10;1.00E+00;-1.91E-12
1.83E+05;1.00E+00;1.02E-10;1.00E+00;-1.87E-12
1.84E+05;1.00E+00;1.01E-10;1.00E+00;-1.88E-12
1.84E+05;1.00E+00;1.00E-10;1.00E+00;-1.85E-12
1.85E+05;1.00E+00;9.97E-11;1.00E+00;-1.74E-12
1.85E+05;1.00E+00;9.94E-11;1.00E+00;-1.85E-12
1.86E+05;1.00E+00;9.94E-11;1.00E+00;-1.80E-12
1.86E+05;1.00E+00;9.87E-11;1.00E+00;-1.88E-12
1.87E+05;1.00E+00;9.94E-11;1.00E+00;-1.85E-12
1.87E+05;1.00E+00;9.79E-11;1.00E+00;-1.83E-12
1.88E+05;1.00E+00;9.85E-11;1.00E+00;-1.82E-12
1.88E+05;1.00E+00;9.99E-11;1.00E+00;-1.91E-12
1.89E+05;1.00E+00;1.00E-10;1.00E+00;-1.99E-12
1.89E+05;1.00E+00;9.95E-11;1.00E+00;-1.90E-12
1.90E+05;1.00E+00;9.92E-11;1.00E+00;-1.88E-12
1.90E+05;1.00E+00;9.90E-11;1.00E+00;-1.98E-12
1.91E+05;1.00E+00;9.77E-11;1.00E+00;-1.85E-12
1.91E+05;1.00E+00;9.76E-11;1.00E+00;-1.95E-12
1.92E+05;1.00E+00;9.72E-11;1.00E+00;-1.92E-12
1.92E+05;1.00E+00;9.78E-11;1.00E+00;-1.93E-12
1.93E+05;1.00E+00;9.76E-11;1.00E+00;-2.03E-12
1.93E+05;1.00E+00;9.68E-11;1.00E+00;-1.96E-12
1.94E+05;1.00E+00;9.65E-11;1.00E+00;-1.99E-12
1.94E+05;1.00E+00;9.71E-11;1.00E+00;-1.86E-12
1.95E+05;1.00E+00;9.68E-11;1.00E+00;-1.85E-12
1.95E+05;1.00E+00;9.75E-11;1.00E+00;-1.83E-12
1.96E+05;1.00E+00;9.54E-11;1.00E+00;-1.91E-12
1.96E+05;1.00E+00;9.51E-11;1.00E+00;-1.95E-12
1.97E+05;1.00E+00;9.41E-11;1.00E+00;-1.97E-12
1.97E+05;1.00E+00;9.49E-11;1.00E+00;-2.05E-12
1.98E+05;1.00E+00;9.40E-11;1.00E+00;-2.09E-12
1.98E+05;1.00E+00;9.34E-11;1.00E+00;-1.99E-12
1.99E+05;1.00E+00;9.44E-11;1.00E+00;-2.09E-12
1.99E+05;1.00E+00;9.48E-11;1.00E+00;-2.03E-12
2.00E+05;1.00E+00;9.50E-11;1.00E+00;-2.08E-12
2.00E+05;1.00E+00;9.51E-11;1.00E+00;-2.05E-12
2.01E+05;1.00E+00;9.43E-11;1.00E+00;-2.09E-12
2.01E+05;1.00E+00;9.39E-11;1.00E+00;-2.09E-12
2.02E+05;1.00E+00;9.39E-11;1.00E+00;-1.98E-12
2.02E+05;1.00E+00;9.45E-11;1.00E+00;-2.07E-12
2.03E+05;1.00E+00;9.38E-11;1.00E+00;-1.99E-12
2.03E+05;1.00E+00;9.42E-11;1.00E+00;-2.00E-12
2.04E+05;1.00E+00;9.31E-11;1.00E+00;-1.99E-12
2.04E+05;1.00E+00;9.30E-11;1.00E+00;-1.88E-12
2.05E+05;1.00E+00;9.26E-11;1.00E+00;-1.88E-12
2.05E+05;1.00E+00;9.26E-11;1.00E+00;-1.89E-12
2.06E+05;1.00E+00;9.25E-11;1.00E+00;-1.94E-12
2.06E+05;1.00E+00;9.26E-11;1.00E+00;-1.91E-12
2.07E+05;1.00E+00;9.30E-11;1.00E+00;-1.94E-12
2.07E+05;1.00E+00;9.31E-11;1.00E+00;-1.85E-12
2.08E+05;1.00E+00;9.32E-11;1.00E+00;-1.88E-12
2.08E+05;1.00E+00;9.25E-11;1.00E+00;-1.79E-12
2.09E+05;1.00E+00;9.31E-11;1.00E+00;-1.90E-12
2.09E+05;1.00E+00;9.29E-11;1.00E+00;-1.80E-12
2.10E+05;1.00E+00;9.37E-11;1.00E+00;-1.79E-12
2.10E+05;1.00E+00;9.34E-11;1.00E+00;-1.81E-12
2.11E+05;1.00E+00;9.30E-11;1.00E+00;-1.92E-12
2.11E+05;1.00E+00;9.36E-11;1.00E+00;-2.01E-12
2.12E+05;1.00E+00;9.20E-11;1.00E+00;-1.96E-12
2.12E+05;1.00E+00;9.25E-11;1.00E+00;-1.97E-12
2.13E+05;1.00E+00;9.34E-11;1.00E+00;-2.13E-12
2.13E+05;1.00E+00;9.26E-11;1.00E+00;-2.02E-12
2.14E+05;1.00E+00;9.21E-11;1.00E+00;-1.93E-12
2.14E+05;1.00E+00;9.23E-11;1.00E+00;-1.96E-12
2.15E+05;1.00E+00;9.19E-11;1.00E+00;-1.89E-12
2.15E+05;1.00E+00;9.15E-11;1.00E+00;-2.10E-12
2.16E+05;1.00E+00;9.05E-11;1.00E+00;-2.15E-12
2.16E+05;1.00E+00;9.05E-11;1.00E+00;-2.11E-12
2.17E+05;1.00E+00;9.06E-11;1.00E+00;-2.02E-12
2.17E+05;1.00E+00;9.05E-11;1.00E+00;-1.95E-12
2.18E+05;1.00E+00;9.08E-11;1.00E+00;-2.06E-12
2.18E+05;1.00E+00;8.95E-11;1.00E+00;-2.01E-12
2.19E+05;1.00E+00;8.92E-11;1.00E+00;-2.09E-12
2.19E+05;1.00E+00;8.79E-11;1.00E+00;-1.91E-12
2.20E+05;1.00E+00;8.74E-11;1.00E+00;-1.94E-12
2.20E+05;1.00E+00;8.82E-11;1.00E+00;-2.08E-12
2.21E+05;1.00E+00;8.81E-11;1.00E+00;-2.08E-12
2.21E+05;1.00E+00;8.85E-11;1.00E+00;-2.04E-12
2.22E+05;1.00E+00;8.89E-11;1.00E+00;-2.10E-12
2.22E+05;1.00E+00;8.90E-11;1.00E+00;-2.02E-12
2.23E+05;1.00E+00;8.90E-11;1.00E+00;-2.19E-12
2.23E+05;1.00E+00;8.89E-11;1.00E+00;-2.02E-12
2.24E+05;1.00E+00;8.90E-11;1.00E+00;-2.05E-12
2.24E+05;1.00E+00;8.92E-11;1.00E+00;-1.95E-12
2.25E+05;1.00E+00;8.82E-11;1.00E+00;-1.97E-12
2.25E+05;1.00E+00;8.79E-11;1.00E+00;-2.10E-12
2.26E+05;1.00E+00;8.73E-11;1.00E+00;-2.04E-12
2.26E+05;1.00E+00;8.67E-11;1.00E+00;-1.96E-12
2.27E+05;1.00E+00;8.65E-11;1.00E+00;-1.91E-12
2.27E+05;1.00E+00;8.73E-11;1.00E+00;-1.88E-12
2.28E+05;1.00E+00;8.65E-11;1.00E+00;-1.95E-12
2.28E+05;1.00E+00;8.61E-11;1.00E+00;-1.95E-12
2.29E+05;1.00E+00;8.60E-11;1.00E+00;-1.90E-12
2.29E+05;1.00E+00;8.51E-11;1.00E+00;-1.93E-12
2.30E+05;1.00E+00;8.59E-11;1.00E+00;-2.02E-12
2.30E+05;1.00E+00;8.54E-11;1.00E+00;-1.91E-12
2.31E+05;1.00E+00;8.52E-11;1.00E+00;-1.98E-12
2.31E+05;1.00E+00;8.51E-11;1.00E+00;-1.92E-12
2.32E+05;1.00E+00;8.50E-11;1.00E+00;-1.95E-12
2.32E+05;1.00E+00;8.56E-11;1.00E+00;-1.99E-12
2.33E+05;1.00E+00;8.53E-11;1.00E+00;-1.86E-12
2.33E+05;1.00E+00;8.35E-11;1.00E+00;-2.02E-12
2.34E+05;1.00E+00;8.36E-11;1.00E+00;-2.08E-12
2.34E+05;1.00E+00;8.32E-11;1.00E+00;-2.00E-12
2.35E+05;1.00E+00;8.45E-11;1.00E+00;-2.00E-12
2.35E+05;1.00E+00;8.40E-11;1.00E+00;-1.95E-12
2.36E+05;1.00E+00;8.41E-11;1.00E+00;-1.98E-12
2.36E+05;1.00E+00;8.37E-11;1.00E+00;-1.98E-12
2.37E+05;1.00E+00;8.28E-11;1.00E+00;-2.09E-12
2.37E+05;1.00E+00;8.35E-11;1.00E+00;-2.09E-12
2.38E+05;1.00E+00;8.33E-11;1.00E+00;-2.14E-12
2.38E+05;1.00E+00;8.39E-11;1.00E+00;-2.12E-12
2.39E+05;1.00E+00;8.39E-11;1.00E+00;-2.15E-12
2.39E+05;1.00E+00;8.30E-11;1.00E+00;-2.13E-12
2.40E+05;1.00E+00;8.26E-11;1.00E+00;-2.24E-12
2.40E+05;1.00E+00;8.26E-11;1.00E+00;-2.14E-12
2.41E+05;1.00E+00;8.28E-11;1.00E+00;-2.12E-12
2.41E+05;1.00E+00;8.25E-11;1.00E+00;-2.24E-12
2.42E+05;1.00E+00;8.38E-11;1.00E+00;-2.30E-12
2.42E+05;1.00E+00;8.28E-11;1.00E+00;-2.29E-12
2.43E+05;1.00E+00;8.19E-11;1.00E+00;-2.41E-12
2.43E+05;1.00E+00;8.21E-11;1.00E+00;-2.21E-12
2.44E+05;1.00E+00;8.10E-11;1.00E+00;-2.24E-12
2.44E+05;1.00E+00;8.09E-11;1.00E+00;-2.19E-12
2.45E+05;1.00E+00;8.10E-11;1.00E+00;-2.30E-12
2.45E+05;1.00E+00;8.17E-11;1.00E+00;-2.36E-12
2.46E+05;1.00E+00;8.14E-11;1.00E+00;-2.24E-12
2.46E+05;1.00E+00;8.18E-11;1.00E+00;-2.27E-12
2.47E+05;1.00E+00;8.19E-11;1.00E+00;-2.29E-12
2.47E+05;1.00E+00;8.26E-11;1.00E+00;-2.15E-12
2.48E+05;1.00E+00;8.26E-11;1.00E+00;-2.19E-12
2.48E+05;1.00E+00;8.25E-11;1.00E+00;-2.14E-12
2.49E+05;1.00E+00;8.16E-11;1.00E+00;-2.10E-12
2.49E+05;1.00E+00;8.11E-11;1.00E+00;-2.24E-12
2.50E+05;1.00E+00;8.15E-11;1.00E+00;-2.22E-12
2.50E+05;1.00E+00;8.25E-11;1.00E+00;-2.22E-12
2.51E+05;1.00E+00;8.19E-11;1.00E+00;-2.28E-12
2.51E+05;1.00E+00;8.14E-11;1.00E+00;-2.30E-12
2.52E+05;1.00E+00;8.17E-11;1.00E+00;-2.26E-12
2.52E+05;1.00E+00;8.24E-11;1.00E+00;-2.25E-12
2.53E+05;1.00E+00;8.22E-11;1.00E+00;-2.32E-12
2.53E+05;1.00E+00;8.20E-11;1.00E+00;-2.34E-12
2.54E+05;1.00E+00;8.18E-11;1.00E+00;-2.20E-12
2.54E+05;1.00E+00;8.14E-11;1.00E+00;-2.17E-12
2.55E+05;1.00E+00;8.07E-11;1.00E+00;-2.11E-12
2.55E+05;1.00E+00;8.26E-11;1.00E+00;-2.18E-12
2.56E+05;1.00E+00;8.07E-11;1.00E+00;-2.20E-12
2.56E+05;1.00E+00;7.99E-11;1.00E+00;-2.16E-12
2.57E+05;1.00E+00;8.03E-11;1.00E+00;-2.32E-12
2.57E+05;1.00E+00;8.03E-11;1.00E+00;-2.31E-12
2.58E+05;1.00E+00;8.07E-11;1.00E+00;-2.27E-12
2.58E+05;1.00E+00;8.03E-11;1.00E+00;-2.18E-12
2.59E+05;1.00E+00;8.03E-11;1.00E+00;-2.11E-12
2.59E+05;1.00E+00;8.01E-11;1.00E+00;-2.17E-12
2.60E+05;1.00E+00;8.08E-11;1.00E+00;-2.10E-12
2.60E+05;1.00E+00;8.04E-11;1.00E+00;-2.28E-12
2.61E+05;1.00E+00;8.03E-11;1.00E+00;-2.29E-12
2.61E+05;1.00E+00;7.99E-11;1.00E+00;-2.26E-12
2.62E+05;1.00E+00;8.09E-11;1.00E+00;-2.29E-12
2.62E+05;1.00E+00;7.93E-11;1.00E+00;-2.29E-12
2.63E+05;1.00E+00;8.02E-11;1.00E+00;-2.15E-12
2.63E+05;1.00E+00;7.99E-11;1.00E+00;-2.10E-12
2.64E+05;1.00E+00;7.99E-11;1.00E+00;-2.15E-12
2.64E+05;1.00E+00;7.97E-11;1.00E+00;-2.04E-12
2.65E+05;1.00E+00;7.90E-11;1.00E+00;-2.05E-12
2.65E+05;1.00E+00;7.95E-11;1.00E+00;-2.06E-12
2.66E+05;1.00E+00;7.90E-11;1.00E+00;-2.12E-12
2.66E+05;1.00E+00;7.81E-11;1.00E+00;-2.05E-12
2.67E+05;1.00E+00;7.81E-11;1.00E+00;-2.04E-12
2.67E+05;1.00E+00;7.83E-11;1.00E+00;-2.17E-12
2.68E+05;1.00E+00;7.74E-11;1.00E+00;-2.18E-12
2.68E+05;1.00E+00;7.80E-11;1.00E+00;-2.12E-12
2.69E+05;1.00E+00;7.82E-11;1.00E+00;-2.20E-12
2.69E+05;1.00E+00;7.79E-11;1.00E+00;-2.18E-12
2.70E+05;1.00E+00;7.75E-11;1.00E+00;-2.23E-12
2.70E+05;1.00E+00;7.75E-11;1.00E+00;-2.21E-12
2.71E+05;1.00E+00;7.77E-11;1.00E+00;-2.12E-12
2.71E+05;1.00E+00;7.64E-11;1.00E+00;-2.20E-12
2.72E+05;1.00E+00;7.60E-11;1.00E+00;-2.18E-12
2.72E+05;1.00E+00;7.80E-11;1.00E+00;-2.23E-12
2.73E+05;1.00E+00;7.87E-11;1.00E+00;-2.12E-12
2.73E+05;1.00E+00;7.77E-11;1.00E+00;-2.17E-12
2.74E+05;1.00E+00;7.75E-11;1.00E+00;-2.19E-12
2.74E+05;1.00E+00;7.73E-11;1.00E+00;-2.17E-12
2.75E+05;1.00E+00;7.70E-11;1.00E+00;-2.23E-12
2.75E+05;1.00E+00;7.69E-11;1.00E+00;-2.21E-12
2.76E+05;1.00E+00;7.70E-11;1.00E+00;-2.19E-12
2.76E+05;1.00E+00;7.73E-11;1.00E+00;-2.09E-12
2.77E+05;1.00E+00;7.70E-11;1.00E+00;-2.12E-12
2.77E+05;1.00E+00;7.66E-11;1.00E+00;-2.21E-12
2.78E+05;1.00E+00;7.66E-11;1.00E+00;-2.11E-12
2.78E+05;1.00E+00;7.71E-11;1.00E+00;-2.15E-12
2.79E+05;1.00E+00;7.71E-11;1.00E+00;-2.32E-12
2.79E+05;1.00E+00;7.72E-11;1.00E+00;-2.12E-12
2.80E+05;1.00E+00;7.67E-11;1.00E+00;-2.13E-12
2.80E+05;1.00E+00;7.80E-11;1.00E+00;-2.15E-12
2.81E+05;1.00E+00;7.73E-11;1.00E+00;-2.20E-12
2.81E+05;1.00E+00;7.64E-11;1.00E+00;-2.18E-12
2.82E+05;1.00E+00;7.64E-11;1.00E+00;-2.10E-12
2.82E+05;1.00E+00;7.65E-11;1.00E+00;-2.09E-12
2.83E+05;1.00E+00;7.58E-11;1.00E+00;-2.09E-12
2.83E+05;1.00E+00;7.70E-11;1.00E+00;-2.13E-12
2.84E+05;1.00E+00;7.61E-11;1.00E+00;-2.14E-12
2.84E+05;1.00E+00;7.62E-11;1.00E+00;-2.38E-12
2.85E+05;1.00E+00;7.58E-11;1.00E+00;-2.30E-12
2.85E+05;1.00E+00;7.63E-11;1.00E+00;-2.24E-12
2.86E+05;1.00E+00;7.69E-11;1.00E+00;-2.29E-12
2.86E+05;1.00E+00;7.69E-11;1.00E+00;-2.30E-12
2.87E+05;1.00E+00;7.67E-11;1.00E+00;-2.29E-12
2.87E+05;1.00E+00;7.62E-11;1.00E+00;-2.35E-12
2.88E+05;1.00E+00;7.54E-11;1.00E+00;-2.27E-12
2.88E+05;1.00E+00;7.47E-11;1.00E+00;-2.39E-12
2.89E+05;1.00E+00;7.56E-11;1.00E+00;-2.39E-12
2.89E+05;1.00E+00;7.60E-11;1.00E+00;-2.37E-12
2.90E+05;1.00E+00;7.58E-11;1.00E+00;-2.23E-12
2.90E+05;1.00E+00;7.56E-11;1.00E+00;-2.16E-12
2.91E+05;1.00E+00;7.46E-11;1.00E+00;-2.15E-12
2.91E+05;1.00E+00;7.42E-11;1.00E+00;-2.12E-12
2.92E+05;1.00E+00;7.39E-11;1.00E+00;-2.19E-12
2.92E+05;1.00E+00;7.44E-11;1.00E+00;-2.09E-12
2.93E+05;1.00E+00;7.46E-11;1.00E+00;-2.06E-12
2.93E+05;1.00E+00;7.45E-11;1.00E+00;-2.09E-12
2.94E+05;1.00E+00;7.49E-11;1.00E+00;-2.23E-12
2.94E+05;1.00E+00;7.36E-11;1.00E+00;-2.20E-12
2.95E+05;1.00E+00;7.28E-11;1.00E+00;-2.19E-12
2.95E+05;1.00E+00;7.35E-11;1.00E+00;-2.10E-12
2.96E+05;1.00E+00;7.22E-11;1.00E+00;-2.09E-12
2.96E+05;1.00E+00;7.21E-11;1.00E+00;-2.19E-12
2.97E+05;1.00E+00;7.29E-11;1.00E+00;-2.13E-12
2.97E+05;1.00E+00;7.33E-11;1.00E+00;-2.17E-12
2.98E+05;1.00E+00;7.30E-11;1.00E+00;-2.26E-12
2.98E+05;1.00E+00;7.30E-11;1.00E+00;-2.17E-12
2.99E+05;1.00E+00;7.24E-11;1.00E+00;-2.17E-12
2.99E+05;1.00E+00;7.23E-11;1.00E+00;-2.26E-12
3.00E+05;1.00E+00;7.27E-11;1.00E+00;-2.19E-12
3.00E+05;1.00E+00;7.28E-11;1.00E+00;-2.15E-12
3.01E+05;1.00E+00;7.26E-11;1.00E+00;-2.20E-12
3.01E+05;1.00E+00;7.15E-11;1.00E+00;-2.33E-12
3.02E+05;1.00E+00;7.25E-11;1.00E+00;-2.27E-12
3.02E+05;1.00E+00;7.27E-11;1.00E+00;-2.22E-12
3.03E+05;1.00E+00;7.30E-11;1.00E+00;-2.17E-12
3.03E+05;1.00E+00;7.28E-11;1.00E+00;-2.25E-12
3.04E+05;1.00E+00;7.27E-11;1.00E+00;-2.27E-12
3.04E+05;1.00E+00;7.33E-11;1.00E+00;-2.28E-12
3.05E+05;1.00E+00;7.36E-11;1.00E+00;-2.27E-12
3.05E+05;1.00E+00;7.29E-11;1.00E+00;-2.27E-12
3.06E+05;1.00E+00;7.28E-11;1.00E+00;-2.35E-12
3.06E+05;1.00E+00;7.26E-11;1.00E+00;-2.29E-12
3.07E+05;1.00E+00;7.23E-11;1.00E+00;-2.26E-12
3.07E+05;1.00E+00;7.27E-11;1.00E+00;-2.34E-12
3.08E+05;1.00E+00;7.21E-11;1.00E+00;-2.27E-12
3.08E+05;1.00E+00;7.16E-11;1.00E+00;-2.21E-12
3.09E+05;1.00E+00;7.21E-11;1.00E+00;-2.29E-12
3.09E+05;1.00E+00;2.90E-10;1.00E+00;-1.13E-10
3.10E+05;1.00E+00;2.96E-10;1.00E+00;-1.86E-10
3.10E+05;1.00E+00;2.97E-10;1.00E+00;-1.95E-10
3.11E+05;1.00E+00;2.98E-10;1.00E+00;-2.01E-10
3.11E+05;1.00E+00;2.98E-10;1.00E+00;-2.05E-10
3.12E+05;1.00E+00;2.98E-10;1.00E+00;-2.08E-10
3.12E+05;1.00E+00;2.97E-10;1.00E+00;-2.09E-10
3.13E+05;1.00E+00;2.97E-10;1.00E+00;-2.11E-10
3.13E+05;1.00E+00;2.95E-10;1.00E+00;-2.12E-10
3.14E+05;1.00E+00;2.94E-10;1.00E+00;-2.13E-10
3.14E+05;1.00E+00;2.94E-10;1.00E+00;-2.13E-10
3.15E+05;1.00E+00;2.94E-10;1.00E+00;-2.14E-10
3.15E+05;1.00E+00;2.94E-10;1.00E+00;-2.14E-10
3.16E+05;1.00E+00;2.94E-10;1.00E+00;-2.14E-10
3.16E+05;1.00E+00;2.94E-10;1.00E+00;-2.14E-10
3.17E+05;1.00E+00;2.93E-10;1.00E+00;-2.15E-10
3.17E+05;1.00E+00;2.93E-10;1.00E+00;-2.14E-10
3.18E+05;1.00E+00;2.92E-10;1.00E+00;-2.14E-10
3.18E+05;1.00E+00;2.90E-10;1.00E+00;-2.14E-10
3.19E+05;1.00E+00;2.90E-10;1.00E+00;-2.14E-10
3.19E+05;1.00E+00;8.79E-11;1.00E+00;-1.45E-10
3.20E+05;1.00E+00;6.44E-11;1.00E+00;-1.10E-11
3.20E+05;1.00E+00;6.27E-11;1.00E+00;-3.40E-12
3.21E+05;1.00E+00;6.18E-11;1.00E+00;-2.84E-12
3.21E+05;1.00E+00;6.21E-11;1.00E+00;-2.75E-12
3.22E+05;1.00E+00;6.16E-11;1.00E+00;-2.68E-12
3.22E+05;1.00E+00;6.17E-11;1.00E+00;-2.69E-12
3.23E+05;1.00E+00;6.13E-11;1.00E+00;-2.64E-12
3.23E+05;1.00E+00;6.15E-11;1.00E+00;-2.63E-12
3.24E+05;1.00E+00;6.17E-11;1.00E+00;-2.74E-12
3.24E+05;1.00E+00;6.24E-11;1.00E+00;-2.65E-12
3.25E+05;1.00E+00;6.30E-11;1.00E+00;-2.70E-12
3.25E+05;1.00E+00;6.26E-11;1.00E+00;-2.54E-12
3.26E+05;1.00E+00;6.24E-11;1.00E+00;-2.57E-12
3.26E+05;1.00E+00;6.20E-11;1.00E+00;-2.62E-12
3.27E+05;1.00E+00;6.27E-11;1.00E+00;-2.75E-12
3.27E+05;1.00E+00;6.27E-11;1.00E+00;-2.78E-12
3.28E+05;1.00E+00;6.25E-11;1.00E+00;-2.73E-12
3.28E+05;1.00E+00;6.24E-11;1.00E+00;-2.69E-12
3.29E+05;1.00E+00;6.19E-11;1.00E+00;-2.66E-12
3.29E+05;1.00E+00;2.86E-10;1.00E+00;-1.16E-10
3.30E+05;1.00E+00;2.89E-10;1.00E+00;-2.10E-10
3.30E+05;1.00E+00;2.89E-10;1.00E+00;-2.13E-10
3.31E+05;1.00E+00;2.89E-10;1.00E+00;-2.13E-10
3.31E+05;1.00E+00;2.88E-10;1.00E+00;-2.13E-10
3.32E+05;1.00E+00;2.88E-10;1.00E+00;-2.12E-10
3.32E+05;1.00E+00;2.86E-10;1.00E+00;-2.12E-10
3.33E+05;1.00E+00;2.86E-10;1.00E+00;-2.12E-10
3.33E+05;1.00E+00;2.86E-10;1.00E+00;-2.12E-10
3.34E+05;1.00E+00;2.86E-10;1.00E+00;-2.11E-10
3.34E+05;1.00E+00;2.85E-10;1.00E+00;-2.11E-10
3.35E+05;1.00E+00;2.84E-10;1.00E+00;-2.10E-10
3.35E+05;1.00E+00;2.84E-10;1.00E+00;-2.10E-10
3.36E+05;1.00E+00;2.84E-10;1.00E+00;-2.10E-10
3.36E+05;1.00E+00;2.83E-10;1.00E+00;-2.10E-10
3.37E+05;1.00E+00;2.82E-10;1.00E+00;-2.10E-10
3.37E+05;1.00E+00;2.82E-10;1.00E+00;-2.09E-10
3.38E+05;1.00E+00;2.81E-10;1.00E+00;-2.09E-10
3.38E+05;1.00E+00;2.82E-10;1.00E+00;-2.08E-10
3.39E+05;1.00E+00;2.82E-10;1.00E+00;-2.08E-10
3.39E+05;1.00E+00;8.64E-11;1.00E+00;-1.60E-10
3.40E+05;1.00E+00;5.76E-11;1.00E+00;-1.23E-11
3.40E+05;1.00E+00;5.62E-11;1.00E+00;-3.78E-12
3.41E+05;1.00E+00;5.61E-11;1.00E+00;-2.94E-12
3.41E+05;1.00E+00;5.55E-11;1.00E+00;-2.72E-12
3.42E+05;1.00E+00;5.52E-11;1.00E+00;-2.63E-12
3.42E+05;1.00E+00;5.44E-11;1.00E+00;-2.65E-12
3.43E+05;1.00E+00;5.45E-11;1.00E+00;-2.72E-12
3.43E+05;1.00E+00;5.43E-11;1.00E+00;-2.53E-12
3.44E+05;1.00E+00;5.40E-11;1.00E+00;-2.81E-12
3.44E+05;1.00E+00;5.39E-11;1.00E+00;-2.76E-12
3.45E+05;1.00E+00;5.37E-11;1.00E+00;-2.78E-12
3.45E+05;1.00E+00;5.35E-11;1.00E+00;-2.73E-12
3.46E+05;1.00E+00;5.34E-11;1.00E+00;-2.71E-12
3.46E+05;1.00E+00;5.37E-11;1.00E+00;-2.81E-12
3.47E+05;1.00E+00;5.40E-11;1.00E+00;-2.75E-12
3.47E+05;1.00E+00;5.42E-11;1.00E+00;-2.77E-12
3.48E+05;1.00E+00;5.47E-11;1.00E+00;-2.69E-12
3.48E+05;1.00E+00;5.45E-11;1.00E+00;-2.63E-12
3.49E+05;1.00E+00;5.47E-11;1.00E+00;-2.81E-12
3.49E+05;1.00E+00;2.73E-10;1.00E+00;-8.86E-11
3.50E+05;1.00E+00;2.80E-10;1.00E+00;-2.03E-10
3.50E+05;1.00E+00;2.80E-10;1.00E+00;-2.07E-10
3.51E+05;1.00E+00;2.79E-10;1.00E+00;-2.07E-10
3.51E+05;1.00E+00;2.79E-10;1.00E+00;-2.07E-10
3.52E+05;1.00E+00;2.78E-10;1.00E+00;-2.06E-10
3.52E+05;1.00E+00;2.78E-10;1.00E+00;-2.06E-10
3.53E+05;1.00E+00;2.77E-10;1.00E+00;-2.06E-10
3.53E+05;1.00E+00;2.77E-10;1.00E+00;-2.05E-10
3.54E+05;1.00E+00;2.77E-10;1.00E+00;-2.05E-10
3.54E+05;1.00E+00;2.77E-10;1.00E+00;-2.05E-10
3.55E+05;1.00E+00;2.76E-10;1.00E+00;-2.04E-10
3.55E+05;1.00E+00;2.76E-10;1.00E+00;-2.04E-10
3.56E+05;1.00E+00;2.76E-10;1.00E+00;-2.03E-10
3.56E+05;1.00E+00;2.75E-10;1.00E+00;-2.03E-10
3.57E+05;1.00E+00;2.75E-10;1.00E+00;-2.02E-10
3.57E+05;1.00E+00;2.75E-10;1.00E+00;-2.02E-10
3.58E+05;1.00E+00;2.75E-10;1.00E+00;-2.02E-10
3.58E+05;1.00E+00;2.74E-10;1.00E+00;-2.01E-10
3.59E+05;1.00E+00;2.74E-10;1.00E+00;-2.01E-10
3.59E+05;1.00E+00;8.88E-11;1.00E+00;-1.71E-10
3.60E+05;1.00E+00;5.20E-11;1.00E+00;-1.41E-11
3.60E+05;1.00E+00;4.95E-11;1.00E+00;-4.08E-12
3.61E+05;1.00E+00;4.96E-11;1.00E+00;-3.22E-12
3.61E+05;1.00E+00;4.96E-11;1.00E+00;-3.07E-12
3.62E+05;1.00E+00;4.91E-11;1.00E+00;-3.12E-12
3.62E+05;1.00E+00;4.95E-11;1.00E+00;-3.07E-12
3.63E+05;1.00E+00;4.95E-11;1.00E+00;-3.00E-12
3.63E+05;1.00E+00;4.89E-11;1.00E+00;-2.91E-12
3.64E+05;1.00E+00;4.85E-11;1.00E+00;-2.76E-12
3.64E+05;1.00E+00;4.86E-11;1.00E+00;-2.74E-12
3.65E+05;1.00E+00;4.84E-11;1.00E+00;-2.75E-12
3.65E+05;1.00E+00;4.85E-11;1.00E+00;-2.66E-12
3.66E+05;1.00E+00;4.85E-11;1.00E+00;-2.53E-12
3.66E+05;1.00E+00;4.82E-11;1.00E+00;-2.56E-12
3.67E+05;1.00E+00;4.85E-11;1.00E+00;-2.76E-12
3.67E+05;1.00E+00;4.80E-11;1.00E+00;-2.68E-12
3.68E+05;1.00E+00;4.82E-11;1.00E+00;-2.65E-12
3.68E+05;1.00E+00;4.85E-11;1.00E+00;-2.75E-12
3.69E+05;1.00E+00;4.87E-11;1.00E+00;-2.75E-12
3.69E+05;1.00E+00;2.60E-10;1.00E+00;-6.65E-11
3.70E+05;1.00E+00;2.74E-10;1.00E+00;-1.95E-10
3.70E+05;1.00E+00;2.73E-10;1.00E+00;-2.00E-10
3.71E+05;1.00E+00;2.73E-10;1.00E+00;-2.00E-10
3.72E+05;1.00E+00;2.74E-10;1.00E+00;-2.00E-10
3.72E+05;1.00E+00;2.73E-10;1.00E+00;-1.99E-10
3.73E+05;1.00E+00;2.73E-10;1.00E+00;-1.99E-10
3.73E+05;1.00E+00;2.73E-10;1.00E+00;-1.98E-10
3.74E+05;1.00E+00;2.73E-10;1.00E+00;-1.98E-10
3.74E+05;1.00E+00;2.72E-10;1.00E+00;-1.97E-10
3.75E+05;1.00E+00;2.73E-10;1.00E+00;-1.97E-10
3.75E+05;1.00E+00;2.72E-10;1.00E+00;-1.97E-10
3.76E+05;1.00E+00;2.72E-10;1.00E+00;-1.97E-10
3.76E+05;1.00E+00;2.72E-10;1.00E+00;-1.96E-10
3.77E+05;1.00E+00;2.72E-10;1.00E+00;-1.96E-10
3.77E+05;1.00E+00;2.71E-10;1.00E+00;-1.96E-10
3.78E+05;1.00E+00;2.70E-10;1.00E+00;-1.95E-10
3.78E+05;1.00E+00;2.70E-10;1.00E+00;-1.95E-10
3.79E+05;1.00E+00;2.69E-10;1.00E+00;-1.94E-10
3.79E+05;1.00E+00;9.45E-11;1.00E+00;-1.79E-10
3.80E+05;1.00E+00;4.87E-11;1.00E+00;-1.52E-11
3.80E+05;1.00E+00;4.57E-11;1.00E+00;-3.92E-12
3.81E+05;1.00E+00;4.52E-11;1.00E+00;-3.00E-12
3.81E+05;1.00E+00;4.48E-11;1.00E+00;-2.88E-12
3.82E+05;1.00E+00;4.51E-11;1.00E+00;-2.78E-12
3.82E+05;1.00E+00;4.55E-11;1.00E+00;-2.73E-12
3.83E+05;1.00E+00;4.56E-11;1.00E+00;-2.70E-12
3.83E+05;1.00E+00;4.58E-11;1.00E+00;-2.70E-12
3.84E+05;1.00E+00;4.63E-11;1.00E+00;-2.83E-12
3.84E+05;1.00E+00;4.68E-11;1.00E+00;-2.98E-12
3.85E+05;1.00E+00;4.75E-11;1.00E+00;-3.02E-12
3.85E+05;1.00E+00;4.70E-11;1.00E+00;-2.97E-12
3.86E+05;1.00E+00;4.75E-11;1.00E+00;-2.99E-12
3.86E+05;1.00E+00;4.74E-11;1.00E+00;-3.01E-12
3.87E+05;1.00E+00;4.73E-11;1.00E+00;-3.01E-12
3.87E+05;1.00E+00;4.74E-11;1.00E+00;-2.95E-12
3.88E+05;1.00E+00;4.69E-11;1.00E+00;-2.94E-12
3.88E+05;1.00E+00;4.67E-11;1.00E+00;-3.13E-12
3.89E+05;1.00E+00;4.70E-11;1.00E+00;-3.13E-12
3.89E+05;1.00E+00;4.70E-11;1.00E+00;-3.12E-12
3.90E+05;1.00E+00;4.68E-11;1.00E+00;-2.87E-12
3.90E+05;1.00E+00;4.69E-11;1.00E+00;-3.01E-12
3.91E+05;1.00E+00;4.70E-11;1.00E+00;-3.11E-12
3.91E+05;1.00E+00;4.72E-11;1.00E+00;-3.06E-12
3.92E+05;1.00E+00;4.72E-11;1.00E+00;-3.07E-12
3.92E+05;1.00E+00;4.69E-11;1.00E+00;-2.84E-12
3.93E+05;1.00E+00;4.74E-11;1.00E+00;-2.99E-12
3.93E+05;1.00E+00;4.71E-11;1.00E+00;-2.76E-12
3.94E+05;1.00E+00;4.67E-11;1.00E+00;-2.95E-12
3.94E+05;1.00E+00;4.66E-11;1.00E+00;-3.04E-12
3.95E+05;1.00E+00;4.69E-11;1.00E+00;-2.91E-12
3.95E+05;1.00E+00;4.75E-11;1.00E+00;-2.98E-12
3.96E+05;1.00E+00;4.73E-11;1.00E+00;-2.83E-12
3.96E+05;1.00E+00;4.68E-11;1.00E+00;-2.74E-12
3.97E+05;1.00E+00;4.69E-11;1.00E+00;-2.89E-12
3.97E+05;1.00E+00;4.73E-11;1.00E+00;-3.02E-12
3.98E+05;1.00E+00;4.71E-11;1.00E+00;-2.98E-12
3.98E+05;1.00E+00;4.66E-11;1.00E+00;-2.90E-12
3.99E+05;1.00E+00;4.67E-11;1.00E+00;-2.96E-12
3.99E+05;1.00E+00;4.68E-11;1.00E+00;-2.72E-12
4.00E+05;1.00E+00;4.68E-11;1.00E+00;-2.98E-12
4.00E+05;1.00E+00;4.67E-11;1.00E+00;-2.92E-12
4.01E+05;1.00E+00;4.70E-11;1.00E+00;-2.92E-12
4.01E+05;1.00E+00;4.68E-11;1.00E+00;-2.69E-12
4.02E+05;1.00E+00;4.67E-11;1.00E+00;-2.76E-12
4.02E+05;1.00E+00;4.64E-11;1.00E+00;-2.88E-12
4.03E+05;1.00E+00;4.69E-11;1.00E+00;-2.83E-12
4.03E+05;1.00E+00;4.72E-11;1.00E+00;-2.90E-12
4.04E+05;1.00E+00;4.71E-11;1.00E+00;-2.70E-12
4.04E+05;1.00E+00;4.71E-11;1.00E+00;-2.85E-12
4.05E+05;1.00E+00;4.71E-11;1.00E+00;-2.65E-12
4.05E+05;1.00E+00;4.70E-11;1.00E+00;-2.97E-12
4.06E+05;1.00E+00;4.70E-11;1.00E+00;-2.99E-12
4.06E+05;1.00E+00;4.72E-11;1.00E+00;-2.93E-12
4.07E+05;1.00E+00;4.76E-11;1.00E+00;-2.90E-12
4.07E+05;1.00E+00;4.73E-11;1.00E+00;-2.93E-12
4.08E+05;1.00E+00;4.73E-11;1.00E+00;-2.97E-12
4.08E+05;1.00E+00;4.76E-11;1.00E+00;-2.80E-12
4.09E+05;1.00E+00;4.71E-11;1.00E+00;-2.88E-12
4.09E+05;1.00E+00;4.03E-10;1.00E+00;-1.06E-10
4.10E+05;1.00E+00;4.09E-10;1.00E+00;-3.24E-10
4.10E+05;1.00E+00;4.08E-10;1.00E+00;-3.31E-10
4.11E+05;1.00E+00;4.08E-10;1.00E+00;-3.30E-10
4.11E+05;1.00E+00;4.06E-10;1.00E+00;-3.29E-10
4.12E+05;1.00E+00;4.06E-10;1.00E+00;-3.28E-10
4.12E+05;1.00E+00;4.05E-10;1.00E+00;-3.27E-10
4.13E+05;1.00E+00;4.03E-10;1.00E+00;-3.26E-10
4.13E+05;1.00E+00;4.03E-10;1.00E+00;-3.25E-10
4.14E+05;1.00E+00;4.02E-10;1.00E+00;-3.24E-10
4.14E+05;1.00E+00;4.02E-10;1.00E+00;-3.23E-10
4.15E+05;1.00E+00;4.01E-10;1.00E+00;-3.22E-10
4.15E+05;1.00E+00;4.01E-10;1.00E+00;-3.21E-10
4.16E+05;1.00E+00;4.01E-10;1.00E+00;-3.20E-10
4.16E+05;1.00E+00;4.00E-10;1.00E+00;-3.19E-10
4.17E+05;1.00E+00;3.99E-10;1.00E+00;-3.18E-10
4.17E+05;1.00E+00;3.98E-10;1.00E+00;-3.17E-10
4.18E+05;1.00E+00;3.98E-10;1.00E+00;-3.15E-10
4.18E+05;1.00E+00;3.97E-10;1.00E+00;-3.14E-10
4.19E+05;1.00E+00;3.97E-10;1.00E+00;-3.13E-10
4.19E+05;1.00E+00;1.27E-10;1.00E+00;-3.11E-10
4.20E+05;1.00E+00;4.40E-11;1.00E+00;-2.50E-11
4.20E+05;1.00E+00;3.95E-11;1.00E+00;-4.98E-12
4.21E+05;1.00E+00;3.91E-11;1.00E+00;-3.46E-12
4.21E+05;1.00E+00;3.95E-11;1.00E+00;-3.09E-12
4.22E+05;1.00E+00;3.93E-11;1.00E+00;-2.98E-12
4.22E+05;1.00E+00;3.90E-11;1.00E+00;-3.15E-12
4.23E+05;1.00E+00;3.91E-11;1.00E+00;-3.26E-12
4.23E+05;1.00E+00;3.91E-11;1.00E+00;-3.21E-12
4.24E+05;1.00E+00;3.93E-11;1.00E+00;-3.16E-12
4.24E+05;1.00E+00;3.91E-11;1.00E+00;-3.16E-12
4.25E+05;1.00E+00;3.92E-11;1.00E+00;-2.91E-12
4.25E+05;1.00E+00;3.91E-11;1.00E+00;-3.12E-12
4.26E+05;1.00E+00;3.90E-11;1.00E+00;-2.95E-12
4.26E+05;1.00E+00;3.88E-11;1.00E+00;-3.12E-12
4.27E+05;1.00E+00;3.85E-11;1.00E+00;-2.99E-12
4.27E+05;1.00E+00;3.85E-11;1.00E+00;-2.96E-12
4.28E+05;1.00E+00;3.85E-11;1.00E+00;-3.03E-12
4.28E+05;1.00E+00;3.85E-11;1.00E+00;-3.05E-12
4.29E+05;1.00E+00;3.80E-11;1.00E+00;-2.93E-12
4.29E+05;1.00E+00;3.51E-10;1.00E+00;-3.35E-11
4.30E+05;1.00E+00;3.93E-10;1.00E+00;-2.99E-10
4.30E+05;1.00E+00;3.94E-10;1.00E+00;-3.08E-10
4.31E+05;1.00E+00;3.93E-10;1.00E+00;-3.08E-10
4.31E+05;1.00E+00;3.93E-10;1.00E+00;-3.07E-10
4.32E+05;1.00E+00;3.92E-10;1.00E+00;-3.06E-10
4.32E+05;1.00E+00;3.91E-10;1.00E+00;-3.06E-10
4.33E+05;1.00E+00;3.91E-10;1.00E+00;-3.05E-10
4.33E+05;1.00E+00;3.91E-10;1.00E+00;-3.04E-10
4.34E+05;1.00E+00;3.90E-10;1.00E+00;-3.03E-10
4.34E+05;1.00E+00;3.90E-10;1.00E+00;-3.02E-10
4.35E+05;1.00E+00;3.90E-10;1.00E+00;-3.01E-10
4.35E+05;1.00E+00;3.89E-10;1.00E+00;-3.00E-10
4.36E+05;1.00E+00;3.89E-10;1.00E+00;-2.98E-10
4.36E+05;1.00E+00;3.89E-10;1.00E+00;-2.98E-10
4.37E+05;1.00E+00;3.88E-10;1.00E+00;-2.97E-10
4.37E+05;1.00E+00;3.88E-10;1.00E+00;-2.96E-10
4.38E+05;1.00E+00;3.88E-10;1.00E+00;-2.95E-10
4.38E+05;1.00E+00;3.87E-10;1.00E+00;-2.94E-10
4.39E+05;1.00E+00;3.87E-10;1.00E+00;-2.93E-10
4.39E+05;1.00E+00;1.12E-10;1.00E+00;-2.86E-10
4.40E+05;1.00E+00;3.97E-11;1.00E+00;-2.79E-11
4.40E+05;1.00E+00;3.48E-11;1.00E+00;-5.24E-12
4.41E+05;1.00E+00;3.42E-11;1.00E+00;-3.56E-12
4.41E+05;1.00E+00;3.43E-11;1.00E+00;-3.26E-12
4.42E+05;1.00E+00;3.46E-11;1.00E+00;-3.18E-12
4.42E+05;1.00E+00;3.46E-11;1.00E+00;-3.07E-12
4.43E+05;1.00E+00;3.45E-11;1.00E+00;-2.93E-12
4.43E+05;1.00E+00;3.43E-11;1.00E+00;-3.04E-12
4.44E+05;1.00E+00;3.43E-11;1.00E+00;-3.07E-12
4.44E+05;1.00E+00;3.43E-11;1.00E+00;-3.05E-12
4.45E+05;1.00E+00;3.45E-11;1.00E+00;-3.03E-12
4.45E+05;1.00E+00;3.44E-11;1.00E+00;-3.31E-12
4.46E+05;1.00E+00;3.45E-11;1.00E+00;-3.24E-12
4.46E+05;1.00E+00;3.46E-11;1.00E+00;-3.17E-12
4.47E+05;1.00E+00;3.44E-11;1.00E+00;-3.29E-12
4.47E+05;1.00E+00;3.44E-11;1.00E+00;-3.26E-12
4.48E+05;1.00E+00;3.45E-11;1.00E+00;-3.16E-12
4.48E+05;1.00E+00;3.42E-11;1.00E+00;-3.17E-12
4.49E+05;1.00E+00;3.43E-11;1.00E+00;-2.95E-12
4.49E+05;1.00E+00;3.18E-10;1.00E+00;-1.26E-11
4.50E+05;1.00E+00;3.85E-10;1.00E+00;-2.78E-10
4.50E+05;1.00E+00;3.86E-10;1.00E+00;-2.91E-10
4.51E+05;1.00E+00;3.86E-10;1.00E+00;-2.90E-10
4.51E+05;1.00E+00;3.85E-10;1.00E+00;-2.90E-10
4.52E+05;1.00E+00;3.84E-10;1.00E+00;-2.88E-10
4.52E+05;1.00E+00;3.84E-10;1.00E+00;-2.88E-10
4.53E+05;1.00E+00;3.84E-10;1.00E+00;-2.86E-10
4.53E+05;1.00E+00;3.83E-10;1.00E+00;-2.86E-10
4.54E+05;1.00E+00;3.83E-10;1.00E+00;-2.85E-10
4.54E+05;1.00E+00;3.82E-10;1.00E+00;-2.84E-10
4.55E+05;1.00E+00;3.83E-10;1.00E+00;-2.83E-10
4.55E+05;1.00E+00;3.82E-10;1.00E+00;-2.83E-10
4.56E+05;1.00E+00;3.81E-10;1.00E+00;-2.82E-10
4.56E+05;1.00E+00;3.82E-10;1.00E+00;-2.80E-10
4.57E+05;1.00E+00;3.81E-10;1.00E+00;-2.80E-10
4.57E+05;1.00E+00;3.81E-10;1.00E+00;-2.78E-10
4.58E+05;1.00E+00;3.80E-10;1.00E+00;-2.78E-10
4.58E+05;1.00E+00;3.80E-10;1.00E+00;-2.77E-10
4.59E+05;1.00E+00;3.80E-10;1.00E+00;-2.76E-10
4.59E+05;1.00E+00;2.01E-10;1.00E+00;-2.75E-10
4.60E+05;1.00E+00;3.75E-11;1.00E+00;-3.05E-11
4.60E+05;1.00E+00;3.15E-11;1.00E+00;-5.62E-12
4.61E+05;1.00E+00;3.10E-11;1.00E+00;-3.66E-12
4.61E+05;1.00E+00;3.10E-11;1.00E+00;-3.41E-12
4.62E+05;1.00E+00;3.10E-11;1.00E+00;-3.32E-12
4.62E+05;1.00E+00;3.09E-11;1.00E+00;-3.40E-12
4.63E+05;1.00E+00;3.10E-11;1.00E+00;-3.35E-12
4.63E+05;1.00E+00;3.10E-11;1.00E+00;-3.17E-12
4.64E+05;1.00E+00;3.12E-11;1.00E+00;-3.22E-12
4.64E+05;1.00E+00;3.11E-11;1.00E+00;-3.18E-12
4.65E+05;1.00E+00;3.09E-11;1.00E+00;-3.06E-12
4.65E+05;1.00E+00;3.08E-11;1.00E+00;-3.11E-12
4.66E+05;1.00E+00;3.06E-11;1.00E+00;-3.13E-12
4.66E+05;1.00E+00;3.04E-11;1.00E+00;-3.10E-12
4.67E+05;1.00E+00;3.11E-11;1.00E+00;-3.08E-12
4.67E+05;1.00E+00;3.07E-11;1.00E+00;-3.13E-12
4.68E+05;1.00E+00;3.08E-11;1.00E+00;-3.16E-12
4.68E+05;1.00E+00;3.06E-11;1.00E+00;-3.02E-12
4.69E+05;1.00E+00;3.06E-11;1.00E+00;-3.08E-12
4.69E+05;1.00E+00;2.76E-10;1.00E+00;-2.61E-12
4.70E+05;1.00E+00;3.79E-10;1.00E+00;-2.57E-10
4.70E+05;1.00E+00;3.79E-10;1.00E+00;-2.71E-10
4.71E+05;1.00E+00;3.79E-10;1.00E+00;-2.71E-10
4.71E+05;1.00E+00;3.79E-10;1.00E+00;-2.70E-10
4.72E+05;1.00E+00;3.78E-10;1.00E+00;-2.70E-10
4.72E+05;1.00E+00;3.78E-10;1.00E+00;-2.69E-10
4.73E+05;1.00E+00;3.78E-10;1.00E+00;-2.68E-10
4.73E+05;1.00E+00;3.77E-10;1.00E+00;-2.67E-10
4.74E+05;1.00E+00;3.77E-10;1.00E+00;-2.66E-10
4.74E+05;1.00E+00;3.77E-10;1.00E+00;-2.65E-10
4.75E+05;1.00E+00;3.77E-10;1.00E+00;-2.65E-10
4.75E+05;1.00E+00;3.76E-10;1.00E+00;-2.63E-10
4.76E+05;1.00E+00;3.76E-10;1.00E+00;-2.62E-10
4.76E+05;1.00E+00;3.76E-10;1.00E+00;-2.61E-10
4.77E+05;1.00E+00;3.75E-10;1.00E+00;-2.61E-10
4.77E+05;1.00E+00;3.75E-10;1.00E+00;-2.60E-10
4.78E+05;1.00E+00;3.75E-10;1.00E+00;-2.59E-10
4.78E+05;1.00E+00;3.74E-10;1.00E+00;-2.58E-10
4.79E+05;1.00E+00;3.74E-10;1.00E+00;-2.57E-10
4.79E+05;1.00E+00;2.37E-10;1.00E+00;-2.56E-10
4.80E+05;1.00E+00;3.56E-11;1.00E+00;-3.35E-11
4.80E+05;1.00E+00;2.90E-11;1.00E+00;-5.75E-12
4.81E+05;1.00E+00;2.84E-11;1.00E+00;-3.48E-12
4.81E+05;1.00E+00;2.81E-11;1.00E+00;-3.17E-12
4.82E+05;1.00E+00;2.78E-11;1.00E+00;-3.14E-12
4.82E+05;1.00E+00;2.76E-11;1.00E+00;-2.93E-12
4.83E+05;1.00E+00;2.76E-11;1.00E+00;-3.13E-12
4.83E+05;1.00E+00;2.79E-11;1.00E+00;-3.09E-12
4.84E+05;1.00E+00;2.82E-11;1.00E+00;-2.97E-12
4.84E+05;1.00E+00;2.84E-11;1.00E+00;-3.03E-12
4.85E+05;1.00E+00;2.89E-11;1.00E+00;-2.64E-12
4.85E+05;1.00E+00;2.93E-11;1.00E+00;-2.83E-12
4.86E+05;1.00E+00;2.94E-11;1.00E+00;-2.84E-12
4.86E+05;1.00E+00;2.95E-11;1.00E+00;-2.75E-12
4.87E+05;1.00E+00;2.90E-11;1.00E+00;-2.84E-12
4.87E+05;1.00E+00;2.94E-11;1.00E+00;-2.96E-12
4.88E+05;1.00E+00;2.93E-11;1.00E+00;-2.92E-12
4.88E+05;1.00E+00;2.90E-11;1.00E+00;-2.77E-12
4.89E+05;1.00E+00;2.94E-11;1.00E+00;-2.67E-12
4.89E+05;1.00E+00;2.93E-11;1.00E+00;-2.57E-12
4.90E+05;1.00E+00;2.94E-11;1.00E+00;-2.68E-12
4.90E+05;1.00E+00;2.94E-11;1.00E+00;-2.86E-12
4.91E+05;1.00E+00;2.92E-11;1.00E+00;-2.64E-12
4.91E+05;1.00E+00;2.92E-11;1.00E+00;-2.77E-12
4.92E+05;1.00E+00;2.90E-11;1.00E+00;-2.68E-12
4.92E+05;1.00E+00;2.91E-11;1.00E+00;-2.56E-12
4.93E+05;1.00E+00;2.94E-11;1.00E+00;-2.47E-12
4.93E+05;1.00E+00;2.94E-11;1.00E+00;-2.44E-12
4.94E+05;1.00E+00;2.92E-11;1.00E+00;-2.84E-12
4.94E+05;1.00E+00;2.90E-11;1.00E+00;-2.95E-12
4.95E+05;1.00E+00;2.92E-11;1.00E+00;-2.91E-12
4.95E+05;1.00E+00;2.93E-11;1.00E+00;-2.90E-12
4.96E+05;1.00E+00;2.93E-11;1.00E+00;-2.56E-12
4.96E+05;1.00E+00;2.92E-11;1.00E+00;-2.63E-12
4.97E+05;1.00E+00;2.94E-11;1.00E+00;-2.70E-12
4.97E+05;1.00E+00;2.91E-11;1.00E+00;-2.67E-12
4.98E+05;1.00E+00;2.91E-11;1.00E+00;-2.52E-12
4.98E+05;1.00E+00;2.90E-11;1.00E+00;-2.55E-12
4.99E+05;1.00E+00;2.90E-11;1.00E+00;-2.63E-12
4.99E+05;1.00E+00;2.90E-11;1.00E+00;-2.63E-12
5.00E+05;1.00E+00;2.92E-11;1.00E+00;-2.42E-12
5.00E+05;1.00E+00;2.93E-11;1.00E+00;-2.10E-12
5.01E+05;1.00E+00;2.94E-11;1.00E+00;-2.22E-12
5.01E+05;1.00E+00;2.96E-11;1.00E+00;-2.27E-12
5.02E+05;1.00E+00;2.94E-11;1.00E+00;-2.46E-12
5.02E+05;1.00E+00;2.94E-11;1.00E+00;-2.37E-12
5.03E+05;1.00E+00;2.99E-11;1.00E+00;-2.12E-12
5.03E+05;1.00E+00;3.00E-11;1.00E+00;-2.06E-12
5.04E+05;1.00E+00;3.02E-11;1.00E+00;-2.42E-12
5.04E+05;1.00E+00;3.00E-11;1.00E+00;-2.60E-12
5.05E+05;1.00E+00;3.01E-11;1.00E+00;-2.50E-12
5.05E+05;1.00E+00;2.98E-11;1.00E+00;-2.58E-12
5.06E+05;1.00E+00;2.96E-11;1.00E+00;-2.43E-12
5.06E+05;1.00E+00;2.97E-11;1.00E+00;-2.43E-12
5.07E+05;1.00E+00;2.99E-11;1.00E+00;-2.53E-12
5.07E+05;1.00E+00;2.97E-11;1.00E+00;-2.49E-12
5.08E+05;1.00E+00;2.98E-11;1.00E+00;-2.69E-12
5.08E+05;1.00E+00;2.97E-11;1.00E+00;-2.47E-12
5.09E+05;1.00E+00;7.10E-11;1.00E+00;-2.50E-12
5.09E+05;1.00E+00;4.81E-10;1.00E+00;-2.97E-10
5.10E+05;1.00E+00;4.83E-10;1.00E+00;-3.47E-10
5.10E+05;1.00E+00;4.83E-10;1.00E+00;-3.47E-10
5.11E+05;1.00E+00;4.82E-10;1.00E+00;-3.46E-10
5.11E+05;1.00E+00;4.82E-10;1.00E+00;-3.44E-10
5.12E+05;1.00E+00;4.81E-10;1.00E+00;-3.43E-10
5.12E+05;1.00E+00;4.80E-10;1.00E+00;-3.42E-10
5.13E+05;1.00E+00;4.80E-10;1.00E+00;-3.40E-10
5.13E+05;1.00E+00;4.79E-10;1.00E+00;-3.38E-10
5.14E+05;1.00E+00;4.79E-10;1.00E+00;-3.37E-10
5.14E+05;1.00E+00;4.78E-10;1.00E+00;-3.35E-10
5.15E+05;1.00E+00;4.78E-10;1.00E+00;-3.34E-10
5.15E+05;1.00E+00;4.78E-10;1.00E+00;-3.32E-10
5.16E+05;1.00E+00;4.77E-10;1.00E+00;-3.31E-10
5.16E+05;1.00E+00;4.77E-10;1.00E+00;-3.29E-10
5.17E+05;1.00E+00;4.77E-10;1.00E+00;-3.28E-10
5.17E+05;1.00E+00;4.77E-10;1.00E+00;-3.26E-10
5.18E+05;1.00E+00;4.76E-10;1.00E+00;-3.25E-10
5.18E+05;1.00E+00;4.76E-10;1.00E+00;-3.23E-10
5.19E+05;1.00E+00;4.75E-10;1.00E+00;-3.22E-10
5.19E+05;1.00E+00;4.42E-11;1.00E+00;-8.57E-11
5.20E+05;1.00E+00;2.88E-11;1.00E+00;-9.57E-12
5.20E+05;1.00E+00;2.68E-11;1.00E+00;-4.29E-12
5.21E+05;1.00E+00;2.64E-11;1.00E+00;-3.43E-12
5.21E+05;1.00E+00;2.63E-11;1.00E+00;-3.31E-12
5.22E+05;1.00E+00;2.60E-11;1.00E+00;-3.16E-12
5.22E+05;1.00E+00;2.59E-11;1.00E+00;-2.88E-12
5.23E+05;1.00E+00;2.61E-11;1.00E+00;-2.85E-12
5.23E+05;1.00E+00;2.61E-11;1.00E+00;-2.77E-12
5.24E+05;1.00E+00;2.60E-11;1.00E+00;-2.65E-12
5.24E+05;1.00E+00;2.61E-11;1.00E+00;-2.72E-12
5.25E+05;1.00E+00;2.58E-11;1.00E+00;-2.73E-12
5.25E+05;1.00E+00;2.59E-11;1.00E+00;-2.68E-12
5.26E+05;1.00E+00;2.56E-11;1.00E+00;-2.67E-12
5.26E+05;1.00E+00;2.55E-11;1.00E+00;-2.51E-12
5.27E+05;1.00E+00;2.60E-11;1.00E+00;-2.67E-12
5.27E+05;1.00E+00;2.59E-11;1.00E+00;-2.71E-12
5.28E+05;1.00E+00;2.57E-11;1.00E+00;-2.73E-12
5.28E+05;1.00E+00;2.58E-11;1.00E+00;-2.77E-12
5.29E+05;1.00E+00;3.68E-11;1.00E+00;-2.70E-12
5.29E+05;1.00E+00;4.73E-10;1.00E+00;-2.58E-10
5.30E+05;1.00E+00;4.75E-10;1.00E+00;-3.15E-10
5.30E+05;1.00E+00;4.75E-10;1.00E+00;-3.16E-10
5.31E+05;1.00E+00;4.74E-10;1.00E+00;-3.16E-10
5.31E+05;1.00E+00;4.75E-10;1.00E+00;-3.15E-10
5.32E+05;1.00E+00;4.74E-10;1.00E+00;-3.13E-10
5.32E+05;1.00E+00;4.74E-10;1.00E+00;-3.12E-10
5.33E+05;1.00E+00;4.74E-10;1.00E+00;-3.10E-10
5.33E+05;1.00E+00;4.73E-10;1.00E+00;-3.10E-10
5.34E+05;1.00E+00;4.73E-10;1.00E+00;-3.08E-10
5.34E+05;1.00E+00;4.73E-10;1.00E+00;-3.06E-10
5.35E+05;1.00E+00;4.72E-10;1.00E+00;-3.05E-10
5.35E+05;1.00E+00;4.72E-10;1.00E+00;-3.04E-10
5.36E+05;1.00E+00;4.71E-10;1.00E+00;-3.02E-10
5.36E+05;1.00E+00;4.71E-10;1.00E+00;-3.00E-10
5.37E+05;1.00E+00;4.71E-10;1.00E+00;-3.00E-10
5.37E+05;1.00E+00;4.70E-10;1.00E+00;-2.98E-10
5.38E+05;1.00E+00;4.70E-10;1.00E+00;-2.98E-10
5.38E+05;1.00E+00;4.70E-10;1.00E+00;-2.96E-10
5.39E+05;1.00E+00;4.69E-10;1.00E+00;-2.95E-10
5.39E+05;1.00E+00;4.41E-11;1.00E+00;-9.54E-11
5.40E+05;1.00E+00;2.64E-11;1.00E+00;-1.00E-11
5.40E+05;1.00E+00;2.44E-11;1.00E+00;-4.36E-12
5.41E+05;1.00E+00;2.40E-11;1.00E+00;-3.52E-12
5.41E+05;1.00E+00;2.38E-11;1.00E+00;-3.09E-12
5.42E+05;1.00E+00;2.37E-11;1.00E+00;-2.86E-12
5.42E+05;1.00E+00;2.36E-11;1.00E+00;-2.83E-12
5.43E+05;1.00E+00;2.35E-11;1.00E+00;-2.84E-12
5.43E+05;1.00E+00;2.34E-11;1.00E+00;-2.74E-12
5.44E+05;1.00E+00;2.34E-11;1.00E+00;-2.71E-12
5.44E+05;1.00E+00;2.36E-11;1.00E+00;-2.82E-12
5.45E+05;1.00E+00;2.37E-11;1.00E+00;-2.74E-12
5.45E+05;1.00E+00;2.36E-11;1.00E+00;-2.45E-12
5.46E+05;1.00E+00;2.36E-11;1.00E+00;-2.48E-12
5.46E+05;1.00E+00;2.35E-11;1.00E+00;-2.34E-12
5.47E+05;1.00E+00;2.35E-11;1.00E+00;-2.17E-12
5.47E+05;1.00E+00;2.35E-11;1.00E+00;-2.40E-12
5.48E+05;1.00E+00;2.36E-11;1.00E+00;-2.47E-12
5.48E+05;1.00E+00;2.37E-11;1.00E+00;-2.51E-12
5.49E+05;1.00E+00;2.35E-11;1.00E+00;-2.49E-12
5.49E+05;1.00E+00;4.68E-10;1.00E+00;-2.26E-10
5.50E+05;1.00E+00;4.70E-10;1.00E+00;-2.89E-10
5.50E+05;1.00E+00;4.71E-10;1.00E+00;-2.91E-10
5.51E+05;1.00E+00;4.71E-10;1.00E+00;-2.90E-10
5.51E+05;1.00E+00;4.70E-10;1.00E+00;-2.89E-10
5.52E+05;1.00E+00;4.70E-10;1.00E+00;-2.88E-10
5.52E+05;1.00E+00;4.70E-10;1.00E+00;-2.87E-10
5.53E+05;1.00E+00;4.69E-10;1.00E+00;-2.86E-10
5.53E+05;1.00E+00;4.69E-10;1.00E+00;-2.84E-10
5.54E+05;1.00E+00;4.69E-10;1.00E+00;-2.83E-10
5.54E+05;1.00E+00;4.68E-10;1.00E+00;-2.81E-10
5.55E+05;1.00E+00;4.68E-10;1.00E+00;-2.80E-10
5.55E+05;1.00E+00;4.68E-10;1.00E+00;-2.79E-10
5.56E+05;1.00E+00;4.67E-10;1.00E+00;-2.78E-10
5.56E+05;1.00E+00;4.67E-10;1.00E+00;-2.77E-10
5.57E+05;1.00E+00;4.67E-10;1.00E+00;-2.75E-10
5.57E+05;1.00E+00;4.66E-10;1.00E+00;-2.74E-10
5.58E+05;1.00E+00;4.66E-10;1.00E+00;-2.73E-10
5.58E+05;1.00E+00;4.66E-10;1.00E+00;-2.72E-10
5.59E+05;1.00E+00;4.66E-10;1.00E+00;-2.70E-10
5.59E+05;1.00E+00;4.58E-11;1.00E+00;-1.07E-10
5.60E+05;1.00E+00;2.46E-11;1.00E+00;-1.04E-11
5.60E+05;1.00E+00;2.24E-11;1.00E+00;-4.30E-12
5.61E+05;1.00E+00;2.15E-11;1.00E+00;-3.14E-12
5.61E+05;1.00E+00;2.14E-11;1.00E+00;-2.85E-12
5.62E+05;1.00E+00;2.11E-11;1.00E+00;-2.70E-12
5.62E+05;1.00E+00;2.12E-11;1.00E+00;-2.66E-12
5.63E+05;1.00E+00;2.11E-11;1.00E+00;-2.65E-12
5.63E+05;1.00E+00;2.11E-11;1.00E+00;-2.52E-12
5.64E+05;1.00E+00;2.09E-11;1.00E+00;-2.52E-12
5.64E+05;1.00E+00;2.07E-11;1.00E+00;-2.51E-12
5.65E+05;1.00E+00;2.08E-11;1.00E+00;-2.34E-12
5.65E+05;1.00E+00;2.07E-11;1.00E+00;-2.31E-12
5.66E+05;1.00E+00;2.08E-11;1.00E+00;-2.34E-12
5.66E+05;1.00E+00;2.11E-11;1.00E+00;-2.48E-12
5.67E+05;1.00E+00;2.11E-11;1.00E+00;-2.40E-12
5.67E+05;1.00E+00;2.12E-11;1.00E+00;-2.29E-12
5.68E+05;1.00E+00;2.13E-11;1.00E+00;-2.43E-12
5.68E+05;1.00E+00;2.11E-11;1.00E+00;-2.31E-12
5.69E+05;1.00E+00;2.10E-11;1.00E+00;-2.52E-12
5.69E+05;1.00E+00;4.63E-10;1.00E+00;-1.93E-10
5.70E+05;1.00E+00;4.66E-10;1.00E+00;-2.62E-10
5.70E+05;1.00E+00;4.67E-10;1.00E+00;-2.65E-10
5.71E+05;1.00E+00;4.66E-10;1.00E+00;-2.65E-10
5.71E+05;1.00E+00;4.66E-10;1.00E+00;-2.64E-10
5.72E+05;1.00E+00;4.66E-10;1.00E+00;-2.63E-10
5.72E+05;1.00E+00;4.65E-10;1.00E+00;-2.62E-10
5.73E+05;1.00E+00;4.65E-10;1.00E+00;-2.60E-10
5.73E+05;1.00E+00;4.65E-10;1.00E+00;-2.59E-10
5.74E+05;1.00E+00;4.64E-10;1.00E+00;-2.58E-10
5.74E+05;1.00E+00;4.65E-10;1.00E+00;-2.56E-10
5.75E+05;1.00E+00;4.64E-10;1.00E+00;-2.55E-10
5.75E+05;1.00E+00;4.64E-10;1.00E+00;-2.54E-10
5.76E+05;1.00E+00;4.64E-10;1.00E+00;-2.53E-10
5.76E+05;1.00E+00;4.63E-10;1.00E+00;-2.51E-10
5.77E+05;1.00E+00;4.63E-10;1.00E+00;-2.50E-10
5.77E+05;1.00E+00;4.63E-10;1.00E+00;-2.48E-10
5.78E+05;1.00E+00;4.63E-10;1.00E+00;-2.47E-10
5.78E+05;1.00E+00;4.62E-10;1.00E+00;-2.46E-10
5.79E+05;1.00E+00;4.63E-10;1.00E+00;-2.44E-10
5.79E+05;1.00E+00;4.82E-11;1.00E+00;-1.21E-10
5.80E+05;1.00E+00;2.37E-11;1.00E+00;-1.10E-11
5.80E+05;1.00E+00;2.14E-11;1.00E+00;-4.40E-12
5.81E+05;1.00E+00;2.05E-11;1.00E+00;-3.11E-12
5.81E+05;1.00E+00;2.02E-11;1.00E+00;-2.75E-12
5.82E+05;1.00E+00;2.03E-11;1.00E+00;-2.28E-12
5.82E+05;1.00E+00;2.00E-11;1.00E+00;-2.31E-12
5.83E+05;1.00E+00;2.00E-11;1.00E+00;-2.31E-12
5.83E+05;1.00E+00;1.99E-11;1.00E+00;-2.20E-12
5.84E+05;1.00E+00;2.02E-11;1.00E+00;-2.09E-12
5.84E+05;1.00E+00;2.01E-11;1.00E+00;-2.21E-12
5.85E+05;1.00E+00;1.99E-11;1.00E+00;-2.24E-12
5.85E+05;1.00E+00;2.01E-11;1.00E+00;-2.09E-12
5.86E+05;1.00E+00;2.06E-11;1.00E+00;-1.85E-12
5.86E+05;1.00E+00;2.09E-11;1.00E+00;-1.68E-12
5.87E+05;1.00E+00;2.13E-11;1.00E+00;-1.71E-12
5.87E+05;1.00E+00;2.16E-11;1.00E+00;-1.65E-12
5.88E+05;1.00E+00;2.17E-11;1.00E+00;-1.42E-12
5.88E+05;1.00E+00;2.19E-11;1.00E+00;-1.64E-12
5.89E+05;1.00E+00;2.20E-11;1.00E+00;-1.62E-12
5.89E+05;1.00E+00;2.19E-11;1.00E+00;-1.32E-12
5.90E+05;1.00E+00;2.20E-11;1.00E+00;-1.30E-12
5.90E+05;1.00E+00;2.20E-11;1.00E+00;-1.20E-12
5.91E+05;1.00E+00;2.19E-11;1.00E+00;-1.21E-12
5.91E+05;1.00E+00;2.18E-11;1.00E+00;-1.22E-12
5.92E+05;1.00E+00;2.16E-11;1.00E+00;-1.40E-12
5.92E+05;1.00E+00;2.15E-11;1.00E+00;-1.37E-12
5.93E+05;1.00E+00;2.17E-11;1.00E+00;-1.29E-12
5.93E+05;1.00E+00;2.18E-11;1.00E+00;-1.31E-12
5.94E+05;1.00E+00;2.16E-11;1.00E+00;-1.33E-12
5.94E+05;1.00E+00;2.19E-11;1.00E+00;-1.36E-12
5.95E+05;1.00E+00;2.17E-11;1.00E+00;-1.34E-12
5.95E+05;1.00E+00;2.18E-11;1.00E+00;-1.52E-12
5.96E+05;1.00E+00;2.19E-11;1.00E+00;-1.46E-12
5.96E+05;1.00E+00;2.18E-11;1.00E+00;-1.47E-12
5.97E+05;1.00E+00;2.19E-11;1.00E+00;-1.44E-12
5.97E+05;1.00E+00;2.21E-11;1.00E+00;-1.34E-12
5.98E+05;1.00E+00;2.19E-11;1.00E+00;-1.34E-12
5.98E+05;1.00E+00;2.19E-11;1.00E+00;-1.09E-12
5.99E+05;1.00E+00;2.19E-11;1.00E+00;-1.25E-12
5.99E+05;1.00E+00;2.21E-11;1.00E+00;-1.28E-12
6.00E+05;1.00E+00;2.20E-11;1.00E+00;-1.17E-12
6.00E+05;1.00E+00;2.19E-11;1.00E+00;-1.18E-12
6.01E+05;1.00E+00;2.20E-11;1.00E+00;-1.10E-12
6.01E+05;1.00E+00;2.23E-11;1.00E+00;-1.24E-12
6.02E+05;1.00E+00;2.22E-11;1.00E+00;-1.02E-12
6.02E+05;1.00E+00;2.23E-11;1.00E+00;-1.16E-12
6.03E+05;1.00E+00;2.22E-11;1.00E+00;-1.16E-12
6.03E+05;1.00E+00;2.23E-11;1.00E+00;-1.22E-12
6.04E+05;1.00E+00;2.23E-11;1.00E+00;-1.13E-12
6.04E+05;1.00E+00;2.23E-11;1.00E+00;-1.18E-12
6.05E+05;1.00E+00;2.24E-11;1.00E+00;-1.12E-12
6.05E+05;1.00E+00;2.23E-11;1.00E+00;-1.13E-12
6.06E+05;1.00E+00;2.23E-11;1.00E+00;-1.16E-12
6.06E+05;1.00E+00;2.23E-11;1.00E+00;-9.08E-13
6.07E+05;1.00E+00;2.23E-11;1.00E+00;-8.70E-13
6.07E+05;1.00E+00;2.24E-11;1.00E+00;-9.08E-13
6.08E+05;1.00E+00;2.24E-11;1.00E+00;-1.04E-12
6.08E+05;1.00E+00;4.91E-11;1.00E+00;-1.18E-12
6.09E+05;1.00E+00;5.57E-10;1.00E+00;-2.50E-10
6.09E+05;1.00E+00;5.60E-10;1.00E+00;-3.02E-10
6.10E+05;1.00E+00;5.60E-10;1.00E+00;-3.03E-10
6.10E+05;1.00E+00;5.60E-10;1.00E+00;-3.01E-10
6.11E+05;1.00E+00;5.59E-10;1.00E+00;-3.00E-10
6.11E+05;1.00E+00;5.59E-10;1.00E+00;-2.98E-10
6.12E+05;1.00E+00;5.58E-10;1.00E+00;-2.96E-10
6.12E+05;1.00E+00;5.58E-10;1.00E+00;-2.94E-10
6.13E+05;1.00E+00;5.58E-10;1.00E+00;-2.92E-10
6.13E+05;1.00E+00;5.57E-10;1.00E+00;-2.91E-10
6.14E+05;1.00E+00;5.56E-10;1.00E+00;-2.88E-10
6.14E+05;1.00E+00;5.56E-10;1.00E+00;-2.87E-10
6.15E+05;1.00E+00;5.55E-10;1.00E+00;-2.86E-10
6.15E+05;1.00E+00;5.55E-10;1.00E+00;-2.84E-10
6.16E+05;1.00E+00;5.55E-10;1.00E+00;-2.82E-10
6.16E+05;1.00E+00;5.54E-10;1.00E+00;-2.80E-10
6.17E+05;1.00E+00;5.54E-10;1.00E+00;-2.79E-10
6.17E+05;1.00E+00;5.54E-10;1.00E+00;-2.77E-10
6.18E+05;1.00E+00;5.53E-10;1.00E+00;-2.75E-10
6.18E+05;1.00E+00;5.53E-10;1.00E+00;-2.73E-10
6.19E+05;1.00E+00;4.07E-11;1.00E+00;-8.31E-11
6.19E+05;1.00E+00;2.34E-11;1.00E+00;-9.32E-12
6.20E+05;1.00E+00;2.10E-11;1.00E+00;-4.01E-12
6.20E+05;1.00E+00;2.03E-11;1.00E+00;-3.04E-12
6.21E+05;1.00E+00;1.98E-11;1.00E+00;-2.22E-12
6.21E+05;1.00E+00;1.96E-11;1.00E+00;-2.26E-12
6.22E+05;1.00E+00;1.97E-11;1.00E+00;-2.13E-12
6.22E+05;1.00E+00;1.95E-11;1.00E+00;-1.73E-12
6.23E+05;1.00E+00;1.95E-11;1.00E+00;-1.76E-12
6.23E+05;1.00E+00;1.94E-11;1.00E+00;-1.88E-12
6.24E+05;1.00E+00;1.97E-11;1.00E+00;-1.92E-12
6.24E+05;1.00E+00;1.97E-11;1.00E+00;-1.84E-12
6.25E+05;1.00E+00;1.97E-11;1.00E+00;-1.56E-12
6.25E+05;1.00E+00;1.95E-11;1.00E+00;-1.63E-12
6.26E+05;1.00E+00;1.94E-11;1.00E+00;-1.64E-12
6.26E+05;1.00E+00;1.94E-11;1.00E+00;-1.57E-12
6.27E+05;1.00E+00;1.95E-11;1.00E+00;-1.69E-12
6.27E+05;1.00E+00;1.93E-11;1.00E+00;-1.69E-12
6.28E+05;1.00E+00;1.93E-11;1.00E+00;-1.71E-12
6.28E+05;1.00E+00;1.99E-11;1.00E+00;-1.62E-12
6.29E+05;1.00E+00;5.51E-10;1.00E+00;-2.09E-10
6.29E+05;1.00E+00;5.54E-10;1.00E+00;-2.64E-10
6.30E+05;1.00E+00;5.54E-10;1.00E+00;-2.66E-10
6.30E+05;1.00E+00;5.54E-10;1.00E+00;-2.66E-10
6.31E+05;1.00E+00;5.54E-10;1.00E+00;-2.65E-10
6.31E+05;1.00E+00;5.54E-10;1.00E+00;-2.63E-10
6.32E+05;1.00E+00;5.54E-10;1.00E+00;-2.62E-10
6.32E+05;1.00E+00;5.53E-10;1.00E+00;-2.60E-10
6.33E+05;1.00E+00;5.53E-10;1.00E+00;-2.58E-10
6.33E+05;1.00E+00;5.53E-10;1.00E+00;-2.56E-10
6.34E+05;1.00E+00;5.53E-10;1.00E+00;-2.53E-10
6.34E+05;1.00E+00;5.52E-10;1.00E+00;-2.52E-10
6.35E+05;1.00E+00;5.52E-10;1.00E+00;-2.49E-10
6.35E+05;1.00E+00;5.51E-10;1.00E+00;-2.48E-10
6.36E+05;1.00E+00;5.51E-10;1.00E+00;-2.47E-10
6.36E+05;1.00E+00;5.51E-10;1.00E+00;-2.46E-10
6.37E+05;1.00E+00;5.51E-10;1.00E+00;-2.44E-10
6.37E+05;1.00E+00;5.50E-10;1.00E+00;-2.42E-10
6.38E+05;1.00E+00;5.50E-10;1.00E+00;-2.41E-10
6.38E+05;1.00E+00;5.50E-10;1.00E+00;-2.39E-10
6.39E+05;1.00E+00;4.18E-11;1.00E+00;-8.90E-11
6.39E+05;1.00E+00;2.17E-11;1.00E+00;-9.71E-12
6.40E+05;1.00E+00;1.93E-11;1.00E+00;-3.95E-12
6.40E+05;1.00E+00;1.85E-11;1.00E+00;-2.64E-12
6.41E+05;1.00E+00;1.80E-11;1.00E+00;-1.82E-12
6.41E+05;1.00E+00;1.78E-11;1.00E+00;-1.68E-12
6.42E+05;1.00E+00;1.78E-11;1.00E+00;-1.56E-12
6.42E+05;1.00E+00;1.79E-11;1.00E+00;-1.60E-12
6.43E+05;1.00E+00;1.78E-11;1.00E+00;-1.43E-12
6.43E+05;1.00E+00;1.78E-11;1.00E+00;-1.48E-12
6.44E+05;1.00E+00;1.79E-11;1.00E+00;-1.30E-12
6.44E+05;1.00E+00;1.78E-11;1.00E+00;-1.29E-12
6.45E+05;1.00E+00;1.77E-11;1.00E+00;-1.26E-12
6.45E+05;1.00E+00;1.78E-11;1.00E+00;-1.12E-12
6.46E+05;1.00E+00;1.76E-11;1.00E+00;-1.23E-12
6.46E+05;1.00E+00;1.77E-11;1.00E+00;-1.21E-12
6.47E+05;1.00E+00;1.78E-11;1.00E+00;-1.18E-12
6.47E+05;1.00E+00;1.77E-11;1.00E+00;-1.18E-12
6.48E+05;1.00E+00;1.77E-11;1.00E+00;-1.18E-12
6.48E+05;1.00E+00;1.78E-11;1.00E+00;-1.13E-12
6.49E+05;1.00E+00;5.48E-10;1.00E+00;-1.72E-10
6.49E+05;1.00E+00;5.51E-10;1.00E+00;-2.27E-10
6.50E+05;1.00E+00;5.52E-10;1.00E+00;-2.30E-10
6.50E+05;1.00E+00;5.52E-10;1.00E+00;-2.30E-10
6.51E+05;1.00E+00;5.52E-10;1.00E+00;-2.29E-10
6.51E+05;1.00E+00;5.52E-10;1.00E+00;-2.27E-10
6.52E+05;1.00E+00;5.51E-10;1.00E+00;-2.26E-10
6.52E+05;1.00E+00;5.51E-10;1.00E+00;-2.25E-10
6.53E+05;1.00E+00;5.51E-10;1.00E+00;-2.23E-10
6.53E+05;1.00E+00;5.51E-10;1.00E+00;-2.21E-10
6.54E+05;1.00E+00;5.50E-10;1.00E+00;-2.20E-10
6.54E+05;1.00E+00;5.50E-10;1.00E+00;-2.18E-10
6.55E+05;1.00E+00;5.50E-10;1.00E+00;-2.16E-10
6.55E+05;1.00E+00;5.50E-10;1.00E+00;-2.15E-10
6.56E+05;1.00E+00;5.49E-10;1.00E+00;-2.13E-10
6.56E+05;1.00E+00;5.49E-10;1.00E+00;-2.11E-10
6.57E+05;1.00E+00;5.49E-10;1.00E+00;-2.10E-10
6.57E+05;1.00E+00;5.48E-10;1.00E+00;-2.08E-10
6.58E+05;1.00E+00;5.48E-10;1.00E+00;-2.06E-10
6.58E+05;1.00E+00;5.48E-10;1.00E+00;-2.05E-10
6.59E+05;1.00E+00;4.46E-11;1.00E+00;-9.40E-11
6.59E+05;1.00E+00;2.06E-11;1.00E+00;-9.77E-12
6.60E+05;1.00E+00;1.81E-11;1.00E+00;-4.15E-12
6.60E+05;1.00E+00;1.73E-11;1.00E+00;-2.91E-12
6.61E+05;1.00E+00;1.68E-11;1.00E+00;-2.21E-12
6.61E+05;1.00E+00;1.66E-11;1.00E+00;-1.91E-12
6.62E+05;1.00E+00;1.65E-11;1.00E+00;-1.67E-12
6.62E+05;1.00E+00;1.65E-11;1.00E+00;-1.45E-12
6.63E+05;1.00E+00;1.63E-11;1.00E+00;-1.36E-12
6.63E+05;1.00E+00;1.65E-11;1.00E+00;-1.14E-12
6.64E+05;1.00E+00;1.66E-11;1.00E+00;-1.07E-12
6.64E+05;1.00E+00;1.65E-11;1.00E+00;-1.13E-12
6.65E+05;1.00E+00;1.67E-11;1.00E+00;-9.45E-13
6.65E+05;1.00E+00;1.67E-11;1.00E+00;-1.03E-12
6.66E+05;1.00E+00;1.68E-11;1.00E+00;-1.02E-12
6.66E+05;1.00E+00;1.67E-11;1.00E+00;-9.48E-13
6.67E+05;1.00E+00;1.66E-11;1.00E+00;-6.45E-13
6.67E+05;1.00E+00;1.66E-11;1.00E+00;-7.09E-13
6.68E+05;1.00E+00;1.67E-11;1.00E+00;-9.79E-13
6.68E+05;1.00E+00;1.67E-11;1.00E+00;-9.72E-13
6.69E+05;1.00E+00;5.46E-10;1.00E+00;-1.35E-10
6.69E+05;1.00E+00;5.48E-10;1.00E+00;-1.91E-10
6.70E+05;1.00E+00;5.49E-10;1.00E+00;-1.95E-10
6.70E+05;1.00E+00;5.50E-10;1.00E+00;-1.94E-10
6.71E+05;1.00E+00;5.49E-10;1.00E+00;-1.93E-10
6.71E+05;1.00E+00;5.49E-10;1.00E+00;-1.92E-10
6.72E+05;1.00E+00;5.48E-10;1.00E+00;-1.91E-10
6.72E+05;1.00E+00;5.48E-10;1.00E+00;-1.89E-10
6.73E+05;1.00E+00;5.48E-10;1.00E+00;-1.88E-10
6.73E+05;1.00E+00;5.48E-10;1.00E+00;-1.86E-10
6.74E+05;1.00E+00;5.48E-10;1.00E+00;-1.85E-10
6.74E+05;1.00E+00;5.47E-10;1.00E+00;-1.84E-10
6.75E+05;1.00E+00;5.48E-10;1.00E+00;-1.82E-10
6.75E+05;1.00E+00;5.47E-10;1.00E+00;-1.80E-10
6.76E+05;1.00E+00;5.47E-10;1.00E+00;-1.79E-10
6.76E+05;1.00E+00;5.47E-10;1.00E+00;-1.77E-10
6.77E+05;1.00E+00;5.46E-10;1.00E+00;-1.76E-10
6.77E+05;1.00E+00;5.46E-10;1.00E+00;-1.75E-10
6.78E+05;1.00E+00;5.46E-10;1.00E+00;-1.73E-10
6.78E+05;1.00E+00;5.46E-10;1.00E+00;-1.72E-10
6.79E+05;1.00E+00;4.78E-11;1.00E+00;-9.81E-11
6.79E+05;1.00E+00;1.99E-11;1.00E+00;-9.44E-12
6.80E+05;1.00E+00;1.71E-11;1.00E+00;-3.74E-12
6.80E+05;1.00E+00;1.62E-11;1.00E+00;-2.38E-12
6.81E+05;1.00E+00;1.57E-11;1.00E+00;-2.02E-12
6.81E+05;1.00E+00;1.55E-11;1.00E+00;-1.66E-12
6.82E+05;1.00E+00;1.54E-11;1.00E+00;-1.44E-12
6.82E+05;1.00E+00;1.54E-11;1.00E+00;-1.50E-12
6.83E+05;1.00E+00;1.53E-11;1.00E+00;-1.29E-12
6.83E+05;1.00E+00;1.53E-11;1.00E+00;-1.07E-12
6.84E+05;1.00E+00;1.52E-11;1.00E+00;-9.54E-13
6.84E+05;1.00E+00;1.53E-11;1.00E+00;-9.12E-13
6.85E+05;1.00E+00;1.51E-11;1.00E+00;-7.62E-13
6.85E+05;1.00E+00;1.53E-11;1.00E+00;-5.27E-13
6.86E+05;1.00E+00;1.53E-11;1.00E+00;-3.79E-13
6.86E+05;1.00E+00;1.56E-11;1.00E+00;-3.60E-13
6.87E+05;1.00E+00;1.60E-11;1.00E+00;-3.23E-13
6.87E+05;1.00E+00;1.63E-11;1.00E+00;-2.88E-13
6.88E+05;1.00E+00;1.67E-11;1.00E+00;-1.51E-13
6.88E+05;1.00E+00;1.66E-11;1.00E+00;2.15E-14
6.89E+05;1.00E+00;1.67E-11;1.00E+00;-1.01E-13
6.89E+05;1.00E+00;1.66E-11;1.00E+00;1.99E-13
6.90E+05;1.00E+00;1.66E-11;1.00E+00;-3.22E-14
6.90E+05;1.00E+00;1.67E-11;1.00E+00;2.38E-13
6.91E+05;1.00E+00;1.67E-11;1.00E+00;7.63E-14
6.91E+05;1.00E+00;1.66E-11;1.00E+00;-1.85E-13
6.92E+05;1.00E+00;1.65E-11;1.00E+00;-3.70E-14
6.92E+05;1.00E+00;1.65E-11;1.00E+00;-4.65E-14
6.93E+05;1.00E+00;1.67E-11;1.00E+00;8.46E-14
6.93E+05;1.00E+00;1.66E-11;1.00E+00;5.84E-14
6.94E+05;1.00E+00;1.67E-11;1.00E+00;1.28E-13
6.94E+05;1.00E+00;1.69E-11;1.00E+00;3.50E-13
6.95E+05;1.00E+00;1.69E-11;1.00E+00;1.79E-13
6.95E+05;1.00E+00;1.71E-11;1.00E+00;3.70E-14
6.96E+05;1.00E+00;1.72E-11;1.00E+00;1.39E-13
6.96E+05;1.00E+00;1.71E-11;1.00E+00;1.85E-13
6.97E+05;1.00E+00;1.72E-11;1.00E+00;3.10E-13
6.97E+05;1.00E+00;1.72E-11;1.00E+00;2.35E-13
6.98E+05;1.00E+00;1.71E-11;1.00E+00;2.56E-13
6.98E+05;1.00E+00;1.71E-11;1.00E+00;3.19E-13
6.99E+05;1.00E+00;1.70E-11;1.00E+00;4.66E-13
6.99E+05;1.00E+00;1.69E-11;1.00E+00;4.97E-13
7.00E+05;1.00E+00;1.70E-11;1.00E+00;5.22E-13
7.00E+05;1.00E+00;1.71E-11;1.00E+00;8.12E-13
7.01E+05;1.00E+00;1.70E-11;1.00E+00;1.05E-12
7.01E+05;1.00E+00;1.70E-11;1.00E+00;4.67E-13
7.02E+05;1.00E+00;1.70E-11;1.00E+00;3.92E-13
7.02E+05;1.00E+00;1.71E-11;1.00E+00;5.17E-13
7.03E+05;1.00E+00;1.71E-11;1.00E+00;4.17E-13
7.03E+05;1.00E+00;1.72E-11;1.00E+00;4.58E-13
7.04E+05;1.00E+00;1.73E-11;1.00E+00;4.07E-13
7.04E+05;1.00E+00;1.73E-11;1.00E+00;5.81E-13
7.05E+05;1.00E+00;1.73E-11;1.00E+00;6.54E-13
7.05E+05;1.00E+00;1.73E-11;1.00E+00;8.14E-13
7.06E+05;1.00E+00;1.73E-11;1.00E+00;5.17E-13
7.06E+05;1.00E+00;1.73E-11;1.00E+00;5.52E-13
7.07E+05;1.00E+00;1.72E-11;1.00E+00;6.34E-13
7.07E+05;1.00E+00;6.33E-10;1.00E+00;-8.05E-11
7.08E+05;1.00E+00;6.36E-10;1.00E+00;-1.93E-10
7.08E+05;1.00E+00;6.37E-10;1.00E+00;-1.99E-10
7.09E+05;1.00E+00;6.37E-10;1.00E+00;-1.98E-10
7.09E+05;1.00E+00;6.37E-10;1.00E+00;-1.97E-10
7.10E+05;1.00E+00;6.37E-10;1.00E+00;-1.95E-10
7.10E+05;1.00E+00;6.36E-10;1.00E+00;-1.93E-10
7.11E+05;1.00E+00;6.35E-10;1.00E+00;-1.92E-10
7.11E+05;1.00E+00;6.35E-10;1.00E+00;-1.90E-10
7.12E+05;1.00E+00;6.34E-10;1.00E+00;-1.88E-10
7.12E+05;1.00E+00;6.34E-10;1.00E+00;-1.85E-10
7.13E+05;1.00E+00;6.34E-10;1.00E+00;-1.83E-10
7.13E+05;1.00E+00;6.33E-10;1.00E+00;-1.81E-10
7.14E+05;1.00E+00;6.33E-10;1.00E+00;-1.78E-10
7.14E+05;1.00E+00;6.33E-10;1.00E+00;-1.76E-10
7.15E+05;1.00E+00;6.33E-10;1.00E+00;-1.74E-10
7.15E+05;1.00E+00;6.32E-10;1.00E+00;-1.71E-10
7.16E+05;1.00E+00;6.32E-10;1.00E+00;-1.69E-10
7.16E+05;1.00E+00;6.31E-10;1.00E+00;-1.67E-10
7.17E+05;1.00E+00;6.31E-10;1.00E+00;-1.64E-10
7.17E+05;1.00E+00;7.00E-11;1.00E+00;-1.35E-10
7.18E+05;1.00E+00;2.23E-11;1.00E+00;-1.15E-11
7.18E+05;1.00E+00;1.80E-11;1.00E+00;-3.65E-12
7.19E+05;1.00E+00;1.67E-11;1.00E+00;-2.08E-12
7.19E+05;1.00E+00;1.62E-11;1.00E+00;-1.21E-12
7.20E+05;1.00E+00;1.58E-11;1.00E+00;-6.96E-13
7.20E+05;1.00E+00;1.57E-11;1.00E+00;-5.38E-13
7.21E+05;1.00E+00;1.57E-11;1.00E+00;-2.87E-13
7.21E+05;1.00E+00;1.56E-11;1.00E+00;-1.85E-13
7.22E+05;1.00E+00;1.56E-11;1.00E+00;1.63E-13
7.22E+05;1.00E+00;1.53E-11;1.00E+00;1.25E-13
7.23E+05;1.00E+00;1.55E-11;1.00E+00;6.68E-14
7.23E+05;1.00E+00;1.54E-11;1.00E+00;2.29E-13
7.24E+05;1.00E+00;1.55E-11;1.00E+00;2.60E-13
7.24E+05;1.00E+00;1.55E-11;1.00E+00;3.56E-13
7.25E+05;1.00E+00;1.55E-11;1.00E+00;2.48E-13
7.25E+05;1.00E+00;1.55E-11;1.00E+00;6.81E-13
7.26E+05;1.00E+00;1.56E-11;1.00E+00;6.23E-13
7.26E+05;1.00E+00;1.57E-11;1.00E+00;5.03E-13
7.27E+05;1.00E+00;1.56E-11;1.00E+00;5.20E-13
7.27E+05;1.00E+00;6.25E-10;1.00E+00;-4.38E-11
7.28E+05;1.00E+00;6.32E-10;1.00E+00;-1.47E-10
7.28E+05;1.00E+00;6.33E-10;1.00E+00;-1.51E-10
7.29E+05;1.00E+00;6.34E-10;1.00E+00;-1.51E-10
7.29E+05;1.00E+00;6.34E-10;1.00E+00;-1.50E-10
7.30E+05;1.00E+00;6.33E-10;1.00E+00;-1.49E-10
7.30E+05;1.00E+00;6.33E-10;1.00E+00;-1.47E-10
7.31E+05;1.00E+00;6.33E-10;1.00E+00;-1.45E-10
7.31E+05;1.00E+00;6.32E-10;1.00E+00;-1.43E-10
7.32E+05;1.00E+00;6.32E-10;1.00E+00;-1.41E-10
7.32E+05;1.00E+00;6.32E-10;1.00E+00;-1.39E-10
7.33E+05;1.00E+00;6.32E-10;1.00E+00;-1.37E-10
7.33E+05;1.00E+00;6.31E-10;1.00E+00;-1.34E-10
7.34E+05;1.00E+00;6.31E-10;1.00E+00;-1.32E-10
7.34E+05;1.00E+00;6.30E-10;1.00E+00;-1.30E-10
7.35E+05;1.00E+00;6.30E-10;1.00E+00;-1.28E-10
7.35E+05;1.00E+00;6.30E-10;1.00E+00;-1.26E-10
7.36E+05;1.00E+00;6.30E-10;1.00E+00;-1.23E-10
7.36E+05;1.00E+00;6.29E-10;1.00E+00;-1.22E-10
7.37E+05;1.00E+00;6.29E-10;1.00E+00;-1.20E-10
7.37E+05;1.00E+00;8.04E-11;1.00E+00;-1.07E-10
7.38E+05;1.00E+00;2.17E-11;1.00E+00;-1.11E-11
7.38E+05;1.00E+00;1.70E-11;1.00E+00;-3.76E-12
7.39E+05;1.00E+00;1.61E-11;1.00E+00;-2.05E-12
7.39E+05;1.00E+00;1.53E-11;1.00E+00;-1.25E-12
7.40E+05;1.00E+00;1.50E-11;1.00E+00;-4.10E-13
7.40E+05;1.00E+00;1.47E-11;1.00E+00;-2.59E-13
7.41E+05;1.00E+00;1.44E-11;1.00E+00;-1.55E-14
7.41E+05;1.00E+00;1.44E-11;1.00E+00;2.98E-13
7.42E+05;1.00E+00;1.44E-11;1.00E+00;4.05E-13
7.42E+05;1.00E+00;1.44E-11;1.00E+00;3.97E-13
7.43E+05;1.00E+00;1.43E-11;1.00E+00;4.36E-13
7.43E+05;1.00E+00;1.43E-11;1.00E+00;5.10E-13
7.44E+05;1.00E+00;1.44E-11;1.00E+00;5.27E-13
7.44E+05;1.00E+00;1.43E-11;1.00E+00;4.94E-13
7.45E+05;1.00E+00;1.45E-11;1.00E+00;5.50E-13
7.45E+05;1.00E+00;1.44E-11;1.00E+00;5.51E-13
7.46E+05;1.00E+00;1.45E-11;1.00E+00;7.12E-13
7.46E+05;1.00E+00;1.45E-11;1.00E+00;1.01E-12
7.47E+05;1.00E+00;1.45E-11;1.00E+00;1.12E-12
7.47E+05;1.00E+00;6.20E-10;1.00E+00;-1.88E-11
7.48E+05;1.00E+00;6.29E-10;1.00E+00;-1.03E-10
7.48E+05;1.00E+00;6.31E-10;1.00E+00;-1.07E-10
7.49E+05;1.00E+00;6.32E-10;1.00E+00;-1.08E-10
7.49E+05;1.00E+00;6.32E-10;1.00E+00;-1.06E-10
7.50E+05;1.00E+00;6.31E-10;1.00E+00;-1.05E-10
7.50E+05;1.00E+00;6.31E-10;1.00E+00;-1.03E-10
7.51E+05;1.00E+00;6.30E-10;1.00E+00;-1.01E-10
7.51E+05;1.00E+00;6.30E-10;1.00E+00;-9.87E-11
7.52E+05;1.00E+00;6.30E-10;1.00E+00;-9.66E-11
7.52E+05;1.00E+00;6.30E-10;1.00E+00;-9.48E-11
7.53E+05;1.00E+00;6.29E-10;1.00E+00;-9.27E-11
7.53E+05;1.00E+00;6.29E-10;1.00E+00;-9.06E-11
7.54E+05;1.00E+00;6.28E-10;1.00E+00;-8.83E-11
7.54E+05;1.00E+00;6.28E-10;1.00E+00;-8.61E-11
7.55E+05;1.00E+00;6.28E-10;1.00E+00;-8.42E-11
7.55E+05;1.00E+00;6.28E-10;1.00E+00;-8.21E-11
7.56E+05;1.00E+00;6.28E-10;1.00E+00;-7.97E-11
7.56E+05;1.00E+00;6.28E-10;1.00E+00;-7.78E-11
7.57E+05;1.00E+00;6.27E-10;1.00E+00;-7.56E-11
7.57E+05;1.00E+00;9.83E-11;1.00E+00;-7.30E-11
7.58E+05;1.00E+00;2.06E-11;1.00E+00;-9.12E-12
7.58E+05;1.00E+00;1.65E-11;1.00E+00;-3.28E-12
7.59E+05;1.00E+00;1.52E-11;1.00E+00;-1.59E-12
7.59E+05;1.00E+00;1.46E-11;1.00E+00;-7.46E-13
7.60E+05;1.00E+00;1.42E-11;1.00E+00;-2.16E-13
7.60E+05;1.00E+00;1.39E-11;1.00E+00;2.01E-13
7.61E+05;1.00E+00;1.38E-11;1.00E+00;3.05E-13
7.61E+05;1.00E+00;1.36E-11;1.00E+00;6.58E-13
7.62E+05;1.00E+00;1.35E-11;1.00E+00;8.46E-13
7.62E+05;1.00E+00;1.36E-11;1.00E+00;1.01E-12
7.63E+05;1.00E+00;1.35E-11;1.00E+00;1.24E-12
7.63E+05;1.00E+00;1.35E-11;1.00E+00;1.28E-12
7.64E+05;1.00E+00;1.35E-11;1.00E+00;1.09E-12
7.64E+05;1.00E+00;1.35E-11;1.00E+00;1.12E-12
7.65E+05;1.00E+00;1.36E-11;1.00E+00;1.18E-12
7.65E+05;1.00E+00;1.36E-11;1.00E+00;1.30E-12
7.66E+05;1.00E+00;1.36E-11;1.00E+00;1.28E-12
7.66E+05;1.00E+00;1.36E-11;1.00E+00;1.30E-12
7.67E+05;1.00E+00;1.36E-11;1.00E+00;1.44E-12
7.67E+05;1.00E+00;6.11E-10;1.00E+00;-1.81E-12
7.68E+05;1.00E+00;6.26E-10;1.00E+00;-5.92E-11
7.68E+05;1.00E+00;6.28E-10;1.00E+00;-6.18E-11
7.69E+05;1.00E+00;6.29E-10;1.00E+00;-6.21E-11
7.69E+05;1.00E+00;6.29E-10;1.00E+00;-6.09E-11
7.70E+05;1.00E+00;6.29E-10;1.00E+00;-5.98E-11
7.70E+05;1.00E+00;6.29E-10;1.00E+00;-5.83E-11
7.71E+05;1.00E+00;6.29E-10;1.00E+00;-5.65E-11
7.71E+05;1.00E+00;6.28E-10;1.00E+00;-5.45E-11
7.72E+05;1.00E+00;6.28E-10;1.00E+00;-5.32E-11
7.72E+05;1.00E+00;6.28E-10;1.00E+00;-5.13E-11
7.73E+05;1.00E+00;6.27E-10;1.00E+00;-4.95E-11
7.73E+05;1.00E+00;6.27E-10;1.00E+00;-4.68E-11
7.74E+05;1.00E+00;6.27E-10;1.00E+00;-4.50E-11
7.74E+05;1.00E+00;6.27E-10;1.00E+00;-4.29E-11
7.75E+05;1.00E+00;6.27E-10;1.00E+00;-4.03E-11
7.75E+05;1.00E+00;6.26E-10;1.00E+00;-3.80E-11
7.76E+05;1.00E+00;6.26E-10;1.00E+00;-3.58E-11
7.76E+05;1.00E+00;6.25E-10;1.00E+00;-3.33E-11
7.77E+05;1.00E+00;6.25E-10;1.00E+00;-3.08E-11
7.77E+05;1.00E+00;1.38E-10;1.00E+00;-2.92E-11
7.78E+05;1.00E+00;2.19E-11;1.00E+00;-6.14E-12
7.78E+05;1.00E+00;1.63E-11;1.00E+00;-2.64E-12
7.79E+05;1.00E+00;1.47E-11;1.00E+00;-9.47E-13
7.79E+05;1.00E+00;1.41E-11;1.00E+00;-1.92E-13
7.80E+05;1.00E+00;1.36E-11;1.00E+00;3.95E-13
7.80E+05;1.00E+00;1.33E-11;1.00E+00;9.83E-13
7.81E+05;1.00E+00;1.33E-11;1.00E+00;1.22E-12
7.81E+05;1.00E+00;1.31E-11;1.00E+00;1.22E-12
7.82E+05;1.00E+00;1.30E-11;1.00E+00;1.41E-12
7.82E+05;1.00E+00;1.31E-11;1.00E+00;1.49E-12
7.83E+05;1.00E+00;1.29E-11;1.00E+00;1.59E-12
7.83E+05;1.00E+00;1.30E-11;1.00E+00;1.53E-12
7.84E+05;1.00E+00;1.31E-11;1.00E+00;1.58E-12
7.84E+05;1.00E+00;1.32E-11;1.00E+00;2.03E-12
7.85E+05;1.00E+00;1.31E-11;1.00E+00;1.96E-12
7.85E+05;1.00E+00;1.32E-11;1.00E+00;1.86E-12
7.86E+05;1.00E+00;1.31E-11;1.00E+00;1.64E-12
7.86E+05;1.00E+00;1.32E-11;1.00E+00;1.70E-12
7.87E+05;1.00E+00;1.32E-11;1.00E+00;1.62E-12
7.87E+05;1.00E+00;1.32E-11;1.00E+00;1.62E-12
7.88E+05;1.00E+00;1.32E-11;1.00E+00;1.69E-12
7.88E+05;1.00E+00;1.32E-11;1.00E+00;1.97E-12
7.89E+05;1.00E+00;1.32E-11;1.00E+00;1.98E-12
7.89E+05;1.00E+00;1.31E-11;1.00E+00;1.91E-12
7.90E+05;1.00E+00;1.32E-11;1.00E+00;2.08E-12
7.90E+05;1.00E+00;1.32E-11;1.00E+00;2.02E-12
7.91E+05;1.00E+00;1.31E-11;1.00E+00;2.12E-12
7.91E+05;1.00E+00;1.33E-11;1.00E+00;1.80E-12
7.92E+05;1.00E+00;1.33E-11;1.00E+00;1.90E-12
7.92E+05;1.00E+00;1.33E-11;1.00E+00;1.80E-12
7.93E+05;1.00E+00;1.32E-11;1.00E+00;2.04E-12
7.93E+05;1.00E+00;1.34E-11;1.00E+00;1.96E-12
7.94E+05;1.00E+00;1.33E-11;1.00E+00;2.05E-12
7.94E+05;1.00E+00;1.34E-11;1.00E+00;1.93E-12
7.95E+05;1.00E+00;1.34E-11;1.00E+00;2.06E-12
7.95E+05;1.00E+00;1.34E-11;1.00E+00;1.94E-12
7.96E+05;1.00E+00;1.32E-11;1.00E+00;2.14E-12
7.96E+05;1.00E+00;1.34E-11;1.00E+00;2.22E-12
7.97E+05;1.00E+00;1.33E-11;1.00E+00;2.09E-12
7.97E+05;1.00E+00;1.35E-11;1.00E+00;2.15E-12
7.98E+05;1.00E+00;1.34E-11;1.00E+00;2.14E-12
7.98E+05;1.00E+00;1.36E-11;1.00E+00;2.21E-12
7.99E+05;1.00E+00;1.35E-11;1.00E+00;2.11E-12
7.99E+05;1.00E+00;1.35E-11;1.00E+00;1.93E-12
8.00E+05;1.00E+00;1.36E-11;1.00E+00;2.23E-12
8.00E+05;1.00E+00;1.36E-11;1.00E+00;2.15E-12
8.01E+05;1.00E+00;1.35E-11;1.00E+00;2.07E-12
8.01E+05;1.00E+00;1.36E-11;1.00E+00;2.14E-12
8.02E+05;1.00E+00;1.36E-11;1.00E+00;2.16E-12
8.02E+05;1.00E+00;1.35E-11;1.00E+00;2.03E-12
8.03E+05;1.00E+00;1.36E-11;1.00E+00;2.04E-12
8.03E+05;1.00E+00;1.35E-11;1.00E+00;2.12E-12
8.04E+05;1.00E+00;1.37E-11;1.00E+00;2.31E-12
8.04E+05;1.00E+00;1.38E-11;1.00E+00;2.47E-12
