#scan;iMeasureCycle=1;iMux=0;time=0.138;N=482;LocalTime=31/10/2023 14:59:48;;;;|IDrain|, |IGate| (A);
#VGate(V);IGate(A);time(s);VDrain(V);IDrain(A);time(s);;;;;
-60;-1.33E-06;0.275367;0.0800021;-2.13E-10;0.275367;;;;2.13E-10;0.00000133
-59.5;-1.20E-06;0.449722;0.0800004;-1.10E-10;0.449722;;;;1.1E-10;0.0000012
-59;-7.30E-07;0.589127;0.0799995;8.20E-11;0.589127;;;;8.2E-11;0.00000073
-58.5;-4.92E-06;0.764086;0.0800237;2.08E-10;0.764086;;;;2.08E-10;0.00000492
-58;-3.57E-06;0.905329;0.0799968;3.03E-10;0.905329;;;;3.03E-10;0.00000357
-57.5001;-2.72E-06;1.067599;0.0799892;4.80E-10;1.067599;;;;4.8E-10;0.00000272
-57;-3.90E-06;1.234482;0.0799943;7.83E-11;1.234482;;;;7.83E-11;0.0000039
-56.5;-2.05E-06;1.372956;0.0800049;-1.92E-11;1.372956;;;;1.92E-11;0.00000205
-56;-1.59E-06;1.551153;0.0800008;5.22E-11;1.551153;;;;5.22E-11;0.00000159
-55.5;-4.08E-07;1.69254;0.0800004;-7.47E-12;1.69254;;;;7.47E-12;0.000000408
-55;-4.60E-07;1.87335;0.0799997;6.96E-12;1.87335;;;;6.96E-12;0.00000046
-54.5;-4.85E-07;2.023213;0.0800003;1.10E-11;2.023213;;;;1.1E-11;0.000000485
-54;-4.50E-07;2.172931;0.08;3.71E-12;2.172931;;;;3.71E-12;0.00000045
-53.5;-7.60E-07;2.356718;0.0800009;8.94E-11;2.356718;;;;8.94E-11;0.00000076
-53;-3.51E-07;2.506525;0.0800004;-4.47E-12;2.506525;;;;4.47E-12;0.000000351
-52.5;-4.68E-07;2.656299;0.0799989;-2.66E-11;2.656299;;;;2.66E-11;0.000000468
-52;-6.15E-07;2.858161;0.0800001;-8.18E-11;2.858161;;;;8.18E-11;0.000000615
-51.5;-2.12E-07;2.999622;0.0799996;-1.40E-11;2.999622;;;;1.4E-11;0.000000212
-51;-4.15E-07;3.176953;0.080004;3.58E-11;3.176953;;;;3.58E-11;0.000000415
-50.5;-2.12E-07;3.36648;0.0799998;-2.15E-11;3.36648;;;;2.15E-11;0.000000212
-50;-1.74E-06;3.543054;0.0799978;-3.33E-11;3.543054;;;;3.33E-11;0.00000174
-49.5;-3.00E-07;3.681465;0.0799992;-2.07E-11;3.681465;;;;2.07E-11;0.0000003
-49;-1.51E-06;3.870734;0.0799995;3.90E-11;3.870734;;;;3.9E-11;0.00000151
-48.5;-2.72E-07;4.010373;0.0800003;-2.70E-11;4.010373;;;;2.7E-11;0.000000272
-48;-2.43E-07;4.16641;0.0800008;-6.57E-11;4.16641;;;;6.57E-11;0.000000243
-47.5;-2.57E-07;4.346593;0.0799998;-4.85E-11;4.346593;;;;4.85E-11;0.000000257
-47;-2.92E-07;4.502652;0.0799997;-5.89E-11;4.502652;;;;5.89E-11;0.000000292
-46.5;-2.82E-07;4.658567;0.0800001;-5.41E-11;4.658567;;;;5.41E-11;0.000000282
-46;-2.22E-07;4.849344;0.0799997;-5.14E-11;4.849344;;;;5.14E-11;0.000000222
-45.5;-3.33E-07;5.011359;0.08;-3.62E-11;5.011359;;;;3.62E-11;0.000000333
-45;-2.14E-07;5.152797;0.0799998;-4.54E-11;5.152797;;;;4.54E-11;0.000000214
-44.5;-1.95E-07;5.306109;0.0800002;-4.06E-11;5.306109;;;;4.06E-11;0.000000195
-44;-1.58E-07;5.480151;0.0800002;-5.38E-11;5.480151;;;;5.38E-11;0.000000158
-43.5;-6.01E-07;5.63121;0.0800013;-1.01E-10;5.63121;;;;1.01E-10;0.000000601
-43;-2.55E-07;5.772594;0.080001;-6.72E-11;5.772594;;;;6.72E-11;0.000000255
-42.5;-2.27E-07;5.951699;0.0799999;-5.66E-11;5.951699;;;;5.66E-11;0.000000227
-42;-1.45E-07;6.093097;0.08;-5.02E-11;6.093097;;;;5.02E-11;0.000000145
-41.5;-1.42E-07;6.242852;0.08;-5.11E-11;6.242852;;;;5.11E-11;0.000000142
-41;-1.44E-07;6.399008;0.08;-4.84E-11;6.399008;;;;4.84E-11;0.000000144
-40.5;-1.55E-06;6.564522;0.0800237;5.82E-11;6.564522;;;;5.82E-11;0.00000155
-40;-1.56E-07;6.706005;0.0800001;-4.76E-11;6.706005;;;;4.76E-11;0.000000156
-39.5;-1.39E-07;6.879671;0.0799999;-4.68E-11;6.879671;;;;4.68E-11;0.000000139
-39;-2.03E-07;7.029512;0.0800001;-3.32E-11;7.029512;;;;3.32E-11;0.000000203
-38.5;-6.98E-08;7.196688;0.0800002;-3.83E-11;7.196688;;;;3.83E-11;6.98E-08
-38;-1.49E-07;7.389777;0.0800004;-2.26E-11;7.389777;;;;2.26E-11;0.000000149
-37.5;-9.56E-08;7.572592;0.08;-2.80E-12;7.572592;;;;2.8E-12;9.56E-08
-37;-8.61E-08;7.738097;0.0799996;-4.26E-11;7.738097;;;;4.26E-11;8.61E-08
-36.5;-1.08E-07;7.935229;0.0799988;-1.69E-11;7.935229;;;;1.69E-11;0.000000108
-36;-7.79E-08;8.084989;0.0800001;1.97E-12;8.084989;;;;1.97E-12;7.79E-08
-35.5;-2.27E-06;8.238165;0.0799928;-1.71E-10;8.238165;;;;1.71E-10;0.00000227
-34.9999;-4.78E-08;8.407969;0.0799999;2.10E-11;8.407969;;;;2.1E-11;4.78E-08
-34.5;-5.94E-08;8.563787;0.08;4.18E-11;8.563787;;;;4.18E-11;5.94E-08
-34;-5.30E-08;8.741993;0.0799997;6.85E-11;8.741993;;;;6.85E-11;0.000000053
-33.5;-5.70E-08;8.91668;0.0799999;6.80E-11;8.91668;;;;6.8E-11;0.000000057
-33;-6.01E-07;9.095268;0.0800245;6.00E-11;9.095268;;;;6E-11;0.000000601
-32.5;-4.30E-07;9.236628;0.0799991;1.94E-10;9.236628;;;;1.94E-10;0.00000043
-32;-1.04E-06;9.422499;0.0799895;2.69E-10;9.422499;;;;2.69E-10;0.00000104
-31.5;-2.43E-07;9.56552;0.0799998;3.64E-10;9.56552;;;;3.64E-10;0.000000243
-31;-1.94E-07;9.715396;0.08;4.56E-10;9.715396;;;;4.56E-10;0.000000194
-30.5;-1.81E-07;9.927503;0.0800031;6.21E-10;9.927503;;;;6.21E-10;0.000000181
-30;-1.37E-07;10.068994;0.0799996;7.92E-10;10.068994;;;;7.92E-10;0.000000137
-29.5;-1.32E-07;10.242677;0.08;1.03E-09;10.242677;;;;1.03E-09;0.000000132
-29;-6.24E-08;10.39847;0.0800001;1.30E-09;10.39847;;;;1.3E-09;6.24E-08
-28.4999;-5.36E-08;10.54831;0.0799991;1.64E-09;10.54831;;;;1.64E-09;5.36E-08
-28;-2.29E-08;10.71659;0.0800003;2.02E-09;10.71659;;;;2.02E-09;2.29E-08
-27.5001;-1.60E-08;10.89647;0.0799999;2.55E-09;10.89647;;;;2.55E-09;0.000000016
-27.0001;-2.49E-08;11.046414;0.0800004;3.24E-09;11.046414;;;;3.24E-09;2.49E-08
-26.5;-7.84E-08;11.228806;0.0799999;2.47E-09;11.228806;;;;2.47E-09;7.84E-08
-26;-7.14E-08;11.411254;0.0799998;3.95E-09;11.411254;;;;3.95E-09;7.14E-08
-25.5;-1.08E-06;11.5795;0.0800004;4.33E-09;11.5795;;;;4.33E-09;0.00000108
-25.0001;-1.19E-05;11.738476;0.079605;6.05E-09;11.738476;;;;6.05E-09;0.0000119
-24.5;-5.03E-07;11.916106;0.079984;8.08E-09;11.916106;;;;8.08E-09;0.000000503
-24;-2.51E-06;12.067539;0.0799998;9.56E-09;12.067539;;;;9.56E-09;0.00000251
-23.5;-3.97E-07;12.211008;0.0800013;1.31E-08;12.211008;;;;1.31E-08;0.000000397
-23;-2.15E-07;12.371065;0.08;1.65E-08;12.371065;;;;1.65E-08;0.000000215
-22.5;-7.22E-07;12.518308;0.0799979;2.12E-08;12.518308;;;;2.12E-08;0.000000722
-22;-4.62E-06;12.668141;0.0799923;2.79E-08;12.668141;;;;2.79E-08;0.00000462
-21.5;-2.60E-06;12.791627;0.0799973;3.31E-08;12.791627;;;;3.31E-08;0.0000026
-21;-3.06E-06;12.91525;0.0800019;4.11E-08;12.91525;;;;4.11E-08;0.00000306
-20.5;-2.71E-06;13.062661;0.0799928;4.87E-08;13.062661;;;;4.87E-08;0.00000271
-20;-3.45E-06;13.213348;0.0800006;5.58E-08;13.213348;;;;5.58E-08;0.00000345
-19.5001;-3.31E-06;13.41912;0.0799948;5.78E-08;13.41912;;;;5.78E-08;0.00000331
-19;-3.12E-07;13.565281;0.0800008;7.23E-08;13.565281;;;;7.23E-08;0.000000312
-18.5;-4.31E-07;13.717573;0.079999;8.70E-08;13.717573;;;;0.000000087;0.000000431
-18;-5.99E-07;13.880225;0.0799999;1.03E-07;13.880225;;;;0.000000103;0.000000599
-17.5;-6.46E-07;14.003795;0.0800001;1.21E-07;14.003795;;;;0.000000121;0.000000646
-17;-5.93E-07;14.127279;0.0800001;1.42E-07;14.127279;;;;0.000000142;0.000000593
-16.5;-5.05E-07;14.25086;0.0799999;1.65E-07;14.25086;;;;0.000000165;0.000000505
-16;-4.45E-07;14.376112;0.0800002;1.91E-07;14.376112;;;;0.000000191;0.000000445
-15.5002;-2.18E-05;14.535212;0.0799975;2.59E-07;14.535212;;;;0.000000259;0.0000218
-15.0002;-8.12E-06;14.685633;0.080014;2.68E-07;14.685633;;;;0.000000268;0.00000812
-14.4998;-1.24E-06;14.830814;0.0799984;2.75E-07;14.830814;;;;0.000000275;0.00000124
-14;-2.92E-05;14.96509;0.0799986;3.95E-07;14.96509;;;;0.000000395;0.0000292
-13.5;-2.71E-05;15.088595;0.0800024;4.35E-07;15.088595;;;;0.000000435;0.0000271
-13;-2.50E-05;15.212098;0.08;4.81E-07;15.212098;;;;0.000000481;0.000025
-12.5;-2.38E-05;15.36018;0.0800002;5.33E-07;15.36018;;;;0.000000533;0.0000238
-12;-2.40E-05;15.483757;0.0799999;5.94E-07;15.483757;;;;0.000000594;0.000024
-11.5;-2.18E-05;15.607294;0.0799991;6.48E-07;15.607294;;;;0.000000648;0.0000218
-11.0002;-4.78E-05;15.752502;0.0800005;8.07E-07;15.752502;;;;0.000000807;0.0000478
-10.5;-1.78E-05;15.900956;0.0800001;7.69E-07;15.900956;;;;0.000000769;0.0000178
-10;-2.72E-05;16.027431;0.0800002;8.81E-07;16.027431;;;;0.000000881;0.0000272
-9.5;-2.27E-05;16.150943;0.0800002;9.41E-07;16.150943;;;;0.000000941;0.0000227
-9;-1.74E-05;16.277839;0.0799999;9.99E-07;16.277839;;;;0.000000999;0.0000174
-8.5;-1.62E-05;16.401434;0.0800003;1.08E-06;16.401434;;;;0.00000108;0.0000162
-8;-1.45E-05;16.524987;0.08;1.16E-06;16.524987;;;;0.00000116;0.0000145
-7.5;-1.25E-05;16.648531;0.0800005;1.24E-06;16.648531;;;;0.00000124;0.0000125
-7;-1.10E-05;16.772112;0.0800002;1.32E-06;16.772112;;;;0.00000132;0.000011
-6.5;-9.20E-06;16.898548;0.0800001;1.41E-06;16.898548;;;;0.00000141;0.0000092
-6;-8.41E-06;17.022097;0.0799998;1.50E-06;17.022097;;;;0.0000015;0.00000841
-5.5;-7.70E-06;17.14559;0.08;1.60E-06;17.14559;;;;0.0000016;0.0000077
-5;-6.37E-06;17.269185;0.0799999;1.69E-06;17.269185;;;;0.00000169;0.00000637
-4.5;-5.12E-06;17.39272;0.08;1.79E-06;17.39272;;;;0.00000179;0.00000512
-4;-3.78E-06;17.516316;0.0799998;1.89E-06;17.516316;;;;0.00000189;0.00000378
-3.5;-2.81E-06;17.63989;0.0799999;1.99E-06;17.63989;;;;0.00000199;0.00000281
-3;-2.10E-06;17.763428;0.0799999;2.10E-06;17.763428;;;;0.0000021;0.0000021
-2.5;-1.37E-06;17.886953;0.08;2.20E-06;17.886953;;;;0.0000022;0.00000137
-2;-7.46E-07;18.013414;0.08;2.31E-06;18.013414;;;;0.00000231;0.000000746
-1.5;-2.95E-07;18.13693;0.08;2.42E-06;18.13693;;;;0.00000242;0.000000295
-1;-8.98E-08;18.260527;0.08;2.54E-06;18.260527;;;;0.00000254;8.98E-08
-0.5;-8.24E-09;18.407486;0.08;2.65E-06;18.407486;;;;0.00000265;8.24E-09
0;2.91E-09;18.557342;0.0799999;2.77E-06;18.557342;;;;0.00000277;2.91E-09
0.4999;9.92E-10;18.707176;0.0800002;2.88E-06;18.707176;;;;0.00000288;9.92E-10
1;1.44E-09;18.885751;0.0800002;3.00E-06;18.885751;;;;0.000003;1.44E-09
1.5;6.78E-09;19.03568;0.0800002;3.11E-06;19.03568;;;;0.00000311;6.78E-09
1.9999;6.94E-10;19.185488;0.0799998;3.23E-06;19.185488;;;;0.00000323;6.94E-10
2.5;6.55E-10;19.335329;0.08;3.35E-06;19.335329;;;;0.00000335;6.55E-10
2.9999;5.37E-10;19.498333;0.08;3.47E-06;19.498333;;;;0.00000347;5.37E-10
3.4999;4.11E-10;19.648258;0.0799999;3.59E-06;19.648258;;;;0.00000359;4.11E-10
4;4.42E-10;19.798133;0.08;3.70E-06;19.798133;;;;0.0000037;4.42E-10
4.5;4.27E-10;19.948073;0.08;3.82E-06;19.948073;;;;0.00000382;4.27E-10
4.9999;4.52E-10;20.098311;0.0800001;3.94E-06;20.098311;;;;0.00000394;4.52E-10
5.4999;4.51E-10;20.248117;0.0800001;4.06E-06;20.248117;;;;0.00000406;4.51E-10
5.9999;4.45E-10;20.41288;0.0800001;4.17E-06;20.41288;;;;0.00000417;4.45E-10
6.4999;4.33E-10;20.562717;0.0800001;4.29E-06;20.562717;;;;0.00000429;4.33E-10
6.9999;4.27E-10;20.712587;0.08;4.41E-06;20.712587;;;;0.00000441;4.27E-10
7.5;4.10E-10;20.88801;0.0799999;4.52E-06;20.88801;;;;0.00000452;4.1E-10
8;4.27E-10;21.037896;0.0800001;4.64E-06;21.037896;;;;0.00000464;4.27E-10
8.5;4.93E-10;21.187727;0.0799999;4.75E-06;21.187727;;;;0.00000475;4.93E-10
9;4.98E-10;21.337663;0.08;4.87E-06;21.337663;;;;0.00000487;4.98E-10
9.4999;5.25E-10;21.504419;0.0800001;4.98E-06;21.504419;;;;0.00000498;5.25E-10
9.9999;5.40E-10;21.654257;0.0799999;5.10E-06;21.654257;;;;0.0000051;5.4E-10
10.4999;5.78E-10;21.804131;0.0800001;5.21E-06;21.804131;;;;0.00000521;5.78E-10
10.9999;5.19E-10;21.954082;0.08;5.32E-06;21.954082;;;;0.00000532;5.19E-10
11.4999;5.46E-10;22.10395;0.08;5.44E-06;22.10395;;;;0.00000544;5.46E-10
11.9999;5.53E-10;22.253697;0.08;5.55E-06;22.253697;;;;0.00000555;5.53E-10
12.4999;5.75E-10;22.417942;0.0799999;5.66E-06;22.417942;;;;0.00000566;5.75E-10
12.9999;7.40E-10;22.567775;0.0799999;5.77E-06;22.567775;;;;0.00000577;7.4E-10
13.5001;8.31E-10;22.717707;0.08;5.88E-06;22.717707;;;;0.00000588;8.31E-10
14;8.93E-10;22.889494;0.0800001;5.99E-06;22.889494;;;;0.00000599;8.93E-10
14.4999;8.56E-10;23.039415;0.0799999;6.10E-06;23.039415;;;;0.0000061;8.56E-10
15;8.86E-10;23.189202;0.0800001;6.20E-06;23.189202;;;;0.0000062;8.86E-10
15.4999;9.10E-10;23.338999;0.0799998;6.31E-06;23.338999;;;;0.00000631;9.1E-10
15.9999;9.33E-10;23.50942;0.08;6.42E-06;23.50942;;;;0.00000642;9.33E-10
16.4999;9.78E-10;23.659268;0.0799999;6.52E-06;23.659268;;;;0.00000652;9.78E-10
17;1.11E-09;23.809158;0.0799999;6.63E-06;23.809158;;;;0.00000663;1.11E-09
17.4999;1.20E-09;23.959115;0.0800001;6.73E-06;23.959115;;;;0.00000673;1.2E-09
18;1.25E-09;24.109039;0.08;6.83E-06;24.109039;;;;0.00000683;1.25E-09
18.5;1.33E-09;24.258786;0.0800001;6.94E-06;24.258786;;;;0.00000694;1.33E-09
18.9999;1.68E-09;24.423077;0.08;7.04E-06;24.423077;;;;0.00000704;1.68E-09
19.5;1.84E-09;24.572943;0.0799998;7.14E-06;24.572943;;;;0.00000714;1.84E-09
20;2.33E-09;24.722769;0.0800001;7.24E-06;24.722769;;;;0.00000724;2.33E-09
20.5;2.63E-09;24.894522;0.0799999;7.34E-06;24.894522;;;;0.00000734;2.63E-09
21;3.51E-09;25.044428;0.08;7.44E-06;25.044428;;;;0.00000744;3.51E-09
21.5;3.52E-09;25.194427;0.0800001;7.54E-06;25.194427;;;;0.00000754;3.52E-09
21.9999;4.06E-09;25.344433;0.08;7.63E-06;25.344433;;;;0.00000763;4.06E-09
22.5;4.74E-09;25.513672;0.0799999;7.73E-06;25.513672;;;;0.00000773;4.74E-09
23;5.24E-09;25.66372;0.08;7.83E-06;25.66372;;;;0.00000783;5.24E-09
23.4999;5.71E-09;25.813741;0.0799999;7.93E-06;25.813741;;;;0.00000793;5.71E-09
24;5.97E-09;25.963775;0.0800001;8.02E-06;25.963775;;;;0.00000802;5.97E-09
24.5;6.34E-09;26.114662;0.08;8.12E-06;26.114662;;;;0.00000812;6.34E-09
25;6.96E-09;26.264646;0.0800002;8.22E-06;26.264646;;;;0.00000822;6.96E-09
25.5;6.41E-09;26.428301;0.0799999;8.31E-06;26.428301;;;;0.00000831;6.41E-09
26;6.93E-09;26.578361;0.0800003;8.41E-06;26.578361;;;;0.00000841;6.93E-09
26.4999;7.06E-09;26.728414;0.0799998;8.50E-06;26.728414;;;;0.0000085;7.06E-09
26.9999;8.06E-09;26.903658;0.08;8.59E-06;26.903658;;;;0.00000859;8.06E-09
27.4999;8.28E-09;27.053748;0.08;8.68E-06;27.053748;;;;0.00000868;8.28E-09
27.9999;8.03E-09;27.20374;0.08;8.77E-06;27.20374;;;;0.00000877;8.03E-09
28.5;7.55E-09;27.353778;0.0800001;8.87E-06;27.353778;;;;0.00000887;7.55E-09
28.9999;7.84E-09;27.519807;0.0799999;8.96E-06;27.519807;;;;0.00000896;7.84E-09
29.4999;9.19E-09;27.669892;0.0799999;9.05E-06;27.669892;;;;0.00000905;9.19E-09
29.9999;8.78E-09;27.819949;0.0799999;9.14E-06;27.819949;;;;0.00000914;8.78E-09
30.5;9.29E-09;27.970148;0.0799999;9.23E-06;27.970148;;;;0.00000923;9.29E-09
30.9999;9.31E-09;28.120216;0.08;9.32E-06;28.120216;;;;0.00000932;9.31E-09
31.5;9.39E-09;28.270224;0.0799998;9.41E-06;28.270224;;;;0.00000941;9.39E-09
31.9999;9.25E-09;28.433898;0.0799999;9.50E-06;28.433898;;;;0.0000095;9.25E-09
32.4999;9.30E-09;28.584196;0.0800001;9.58E-06;28.584196;;;;0.00000958;9.3E-09
32.9999;9.24E-09;28.728242;0.0800001;9.67E-06;28.728242;;;;0.00000967;9.24E-09
33.4999;9.67E-09;28.851758;0.0800001;9.76E-06;28.851758;;;;0.00000976;9.67E-09
33.9999;1.04E-08;28.996138;0.08;9.84E-06;28.996138;;;;0.00000984;1.04E-08
34.4999;1.03E-08;29.11965;0.08;9.93E-06;29.11965;;;;0.00000993;1.03E-08
34.9999;1.10E-08;29.243131;0.0800001;1.00E-05;29.243131;;;;0.00001;0.000000011
35.4999;1.12E-08;29.366662;0.08;1.01E-05;29.366662;;;;0.0000101;1.12E-08
35.9999;1.19E-08;29.497175;0.08;1.02E-05;29.497175;;;;0.0000102;1.19E-08
36.4999;1.16E-08;29.620775;0.0799999;1.03E-05;29.620775;;;;0.0000103;1.16E-08
36.9999;1.17E-08;29.744289;0.0800001;1.04E-05;29.744289;;;;0.0000104;1.17E-08
37.4999;1.22E-08;29.867777;0.08;1.04E-05;29.867777;;;;0.0000104;1.22E-08
37.9999;1.20E-08;30.001567;0.0799999;1.05E-05;30.001567;;;;0.0000105;0.000000012
38.4999;1.30E-08;30.12506;0.0800001;1.06E-05;30.12506;;;;0.0000106;0.000000013
38.9999;1.25E-08;30.248517;0.0799999;1.07E-05;30.248517;;;;0.0000107;1.25E-08
39.4999;1.30E-08;30.396168;0.08;1.08E-05;30.396168;;;;0.0000108;0.000000013
39.9999;1.32E-08;30.519757;0.0800001;1.09E-05;30.519757;;;;0.0000109;1.32E-08
40.4999;1.35E-08;30.643335;0.08;1.09E-05;30.643335;;;;0.0000109;1.35E-08
40.9999;1.47E-08;30.766836;0.0799999;1.10E-05;30.766836;;;;0.000011;1.47E-08
41.4999;1.81E-08;30.9089;0.0800001;1.11E-05;30.9089;;;;0.0000111;1.81E-08
41.9999;6.45E-08;31.03264;0.0800001;1.12E-05;31.03264;;;;0.0000112;6.45E-08
42.4999;9.24E-08;31.176717;0.0800001;1.13E-05;31.176717;;;;0.0000113;9.24E-08
43;9.92E-08;31.306433;0.08;1.14E-05;31.306433;;;;0.0000114;9.92E-08
43.5;9.65E-08;31.429951;0.08;1.15E-05;31.429951;;;;0.0000115;9.65E-08
44;9.56E-08;31.553545;0.08;1.15E-05;31.553545;;;;0.0000115;9.56E-08
44.5;9.48E-08;31.677382;0.08;1.16E-05;31.677382;;;;0.0000116;9.48E-08
45;9.49E-08;31.800904;0.0799999;1.17E-05;31.800904;;;;0.0000117;9.49E-08
45.5;9.40E-08;31.92443;0.08;1.18E-05;31.92443;;;;0.0000118;0.000000094
46;9.22E-08;32.048209;0.08;1.19E-05;32.048209;;;;0.0000119;9.22E-08
46.5;9.28E-08;32.171689;0.0800001;1.19E-05;32.171689;;;;0.0000119;9.28E-08
47;9.41E-08;32.295286;0.08;1.20E-05;32.295286;;;;0.000012;9.41E-08
47.5;9.39E-08;32.418799;0.0799999;1.21E-05;32.418799;;;;0.0000121;9.39E-08
48;9.40E-08;32.542403;0.08;1.22E-05;32.542403;;;;0.0000122;0.000000094
48.5;9.19E-08;32.665967;0.08;1.23E-05;32.665967;;;;0.0000123;9.19E-08
49;8.84E-08;32.789476;0.0800002;1.23E-05;32.789476;;;;0.0000123;8.84E-08
49.5;9.36E-08;32.917711;0.0800001;1.24E-05;32.917711;;;;0.0000124;9.36E-08
50;9.27E-08;33.041332;0.08;1.25E-05;33.041332;;;;0.0000125;9.27E-08
50.5;9.25E-08;33.164848;0.0799999;1.26E-05;33.164848;;;;0.0000126;9.25E-08
51;9.23E-08;33.288348;0.0799999;1.27E-05;33.288348;;;;0.0000127;9.23E-08
51.5;9.55E-08;33.418608;0.0799998;1.27E-05;33.418608;;;;0.0000127;9.55E-08
52;9.65E-08;33.542212;0.0800001;1.28E-05;33.542212;;;;0.0000128;9.65E-08
52.5;9.61E-08;33.66578;0.0800001;1.29E-05;33.66578;;;;0.0000129;9.61E-08
53;9.62E-08;33.789332;0.0799999;1.30E-05;33.789332;;;;0.000013;9.62E-08
53.5;9.83E-08;33.915534;0.08;1.30E-05;33.915534;;;;0.000013;9.83E-08
54;9.99E-08;34.039163;0.0800001;1.31E-05;34.039163;;;;0.0000131;9.99E-08
54.5;9.91E-08;34.162661;0.08;1.32E-05;34.162661;;;;0.0000132;9.91E-08
55;1.02E-07;34.286262;0.08;1.33E-05;34.286262;;;;0.0000133;0.000000102
55.5;9.75E-08;34.420749;0.0800001;1.33E-05;34.420749;;;;0.0000133;9.75E-08
56;1.00E-07;34.544356;0.08;1.34E-05;34.544356;;;;0.0000134;0.0000001
56.5;1.00E-07;34.667932;0.08;1.35E-05;34.667932;;;;0.0000135;0.0000001
57;9.84E-08;34.791595;0.0800001;1.36E-05;34.791595;;;;0.0000136;9.84E-08
57.5;1.02E-07;34.922074;0.0799998;1.36E-05;34.922074;;;;0.0000136;0.000000102
58;1.02E-07;35.045681;0.08;1.37E-05;35.045681;;;;0.0000137;0.000000102
58.5;1.00E-07;35.169185;0.08;1.38E-05;35.169185;;;;0.0000138;0.0000001
59;9.88E-08;35.292642;0.0799999;1.39E-05;35.292642;;;;0.0000139;9.88E-08
59.5;1.03E-07;35.423327;0.0800001;1.39E-05;35.423327;;;;0.0000139;0.000000103
60;9.87E-08;35.546909;0.08;1.40E-05;35.546909;;;;0.000014;9.87E-08
60;9.94E-08;35.670508;0.08;1.40E-05;35.670508;;;;0.000014;9.94E-08
59.5;9.54E-08;35.794027;0.0799999;1.39E-05;35.794027;;;;0.0000139;9.54E-08
59;9.55E-08;35.919764;0.0800001;1.38E-05;35.919764;;;;0.0000138;9.55E-08
58.5;9.55E-08;36.043358;0.0799999;1.37E-05;36.043358;;;;0.0000137;9.55E-08
58;9.44E-08;36.166847;0.08;1.36E-05;36.166847;;;;0.0000136;9.44E-08
57.5;9.32E-08;36.290431;0.0800001;1.36E-05;36.290431;;;;0.0000136;9.32E-08
57;9.11E-08;36.425047;0.0800001;1.35E-05;36.425047;;;;0.0000135;9.11E-08
56.5;9.06E-08;36.548667;0.08;1.34E-05;36.548667;;;;0.0000134;9.06E-08
56;8.92E-08;36.689719;0.0800001;1.33E-05;36.689719;;;;0.0000133;8.92E-08
55.5;9.18E-08;36.813233;0.0800001;1.32E-05;36.813233;;;;0.0000132;9.18E-08
55;8.83E-08;36.93674;0.08;1.31E-05;36.93674;;;;0.0000131;8.83E-08
54.5001;8.82E-08;37.060334;0.0799998;1.30E-05;37.060334;;;;0.000013;8.82E-08
54;8.97E-08;37.183819;0.0800002;1.29E-05;37.183819;;;;0.0000129;8.97E-08
53.5;8.78E-08;37.307417;0.0800001;1.28E-05;37.307417;;;;0.0000128;8.78E-08
53;8.74E-08;37.430939;0.0799999;1.27E-05;37.430939;;;;0.0000127;8.74E-08
52.5;8.66E-08;37.554546;0.08;1.27E-05;37.554546;;;;0.0000127;8.66E-08
52;8.91E-08;37.678132;0.0800001;1.26E-05;37.678132;;;;0.0000126;8.91E-08
51.5;8.57E-08;37.801672;0.0799998;1.25E-05;37.801672;;;;0.0000125;8.57E-08
51;8.68E-08;37.92847;0.0799998;1.24E-05;37.92847;;;;0.0000124;8.68E-08
50.5;8.44E-08;38.052062;0.08;1.23E-05;38.052062;;;;0.0000123;8.44E-08
50;8.65E-08;38.175594;0.0799999;1.22E-05;38.175594;;;;0.0000122;8.65E-08
49.5001;8.68E-08;38.299065;0.08;1.21E-05;38.299065;;;;0.0000121;8.68E-08
49.0001;8.71E-08;38.429244;0.0800002;1.20E-05;38.429244;;;;0.000012;8.71E-08
48.5;8.78E-08;38.55285;0.08;1.19E-05;38.55285;;;;0.0000119;8.78E-08
48.0001;8.35E-08;38.676425;0.0799999;1.18E-05;38.676425;;;;0.0000118;8.35E-08
47.5;8.52E-08;38.799901;0.0799999;1.18E-05;38.799901;;;;0.0000118;8.52E-08
47;8.42E-08;38.93046;0.08;1.17E-05;38.93046;;;;0.0000117;8.42E-08
46.5001;8.39E-08;39.054059;0.08;1.16E-05;39.054059;;;;0.0000116;8.39E-08
46;8.31E-08;39.177563;0.08;1.15E-05;39.177563;;;;0.0000115;8.31E-08
45.5;8.31E-08;39.301015;0.0800001;1.14E-05;39.301015;;;;0.0000114;8.31E-08
45;7.97E-08;39.431382;0.0799999;1.13E-05;39.431382;;;;0.0000113;7.97E-08
44.5;7.92E-08;39.554996;0.08;1.12E-05;39.554996;;;;0.0000112;7.92E-08
44;7.93E-08;39.678567;0.08;1.11E-05;39.678567;;;;0.0000111;7.93E-08
43.5;7.83E-08;39.802071;0.0800001;1.10E-05;39.802071;;;;0.000011;7.83E-08
43;7.23E-08;39.928139;0.08;1.09E-05;39.928139;;;;0.0000109;7.23E-08
42.5;7.51E-08;40.051743;0.08;1.08E-05;40.051743;;;;0.0000108;7.51E-08
42;7.50E-08;40.175208;0.08;1.07E-05;40.175208;;;;0.0000107;0.000000075
41.5001;7.27E-08;40.298702;0.0799999;1.06E-05;40.298702;;;;0.0000106;7.27E-08
41;7.41E-08;40.433532;0.0799999;1.05E-05;40.433532;;;;0.0000105;7.41E-08
40.5001;7.51E-08;40.557111;0.08;1.05E-05;40.557111;;;;0.0000105;7.51E-08
40;7.03E-08;40.680677;0.0800001;1.04E-05;40.680677;;;;0.0000104;7.03E-08
39.5001;7.41E-08;40.804148;0.08;1.03E-05;40.804148;;;;0.0000103;7.41E-08
39;7.06E-08;40.934306;0.08;1.02E-05;40.934306;;;;0.0000102;7.06E-08
38.5001;7.07E-08;41.057916;0.0800001;1.01E-05;41.057916;;;;0.0000101;7.07E-08
38;7.13E-08;41.181403;0.08;9.98E-06;41.181403;;;;0.00000998;7.13E-08
37.5;7.10E-08;41.30491;0.0799999;9.88E-06;41.30491;;;;0.00000988;0.000000071
37;7.14E-08;41.435745;0.0799999;9.79E-06;41.435745;;;;0.00000979;7.14E-08
36.5;6.60E-08;41.559402;0.0799999;9.69E-06;41.559402;;;;0.00000969;0.000000066
36;5.82E-08;41.68298;0.0799999;9.60E-06;41.68298;;;;0.0000096;5.82E-08
35.5;5.08E-08;41.806502;0.0799999;9.50E-06;41.806502;;;;0.0000095;5.08E-08
35;3.44E-08;41.932535;0.0799999;9.41E-06;41.932535;;;;0.00000941;3.44E-08
34.5;2.53E-08;42.056145;0.0800001;9.31E-06;42.056145;;;;0.00000931;2.53E-08
34;2.20E-08;42.179624;0.0799999;9.22E-06;42.179624;;;;0.00000922;0.000000022
33.5;1.97E-08;42.303115;0.0799999;9.12E-06;42.303115;;;;0.00000912;1.97E-08
33;1.78E-08;42.433467;0.08;9.02E-06;42.433467;;;;0.00000902;1.78E-08
32.5;1.61E-08;42.559645;0.08;8.93E-06;42.559645;;;;0.00000893;1.61E-08
32;1.56E-08;42.683205;0.0799998;8.83E-06;42.683205;;;;0.00000883;1.56E-08
31.5;1.50E-08;42.806693;0.0799999;8.73E-06;42.806693;;;;0.00000873;0.000000015
31;1.42E-08;42.934295;0.0800001;8.63E-06;42.934295;;;;0.00000863;1.42E-08
30.5;1.31E-08;43.057981;0.0800002;8.52E-06;43.057981;;;;0.00000852;1.31E-08
30;1.25E-08;43.181469;0.0799999;8.43E-06;43.181469;;;;0.00000843;1.25E-08
29.5;1.24E-08;43.304957;0.0799999;8.33E-06;43.304957;;;;0.00000833;1.24E-08
29;1.21E-08;43.435594;0.0799999;8.23E-06;43.435594;;;;0.00000823;1.21E-08
28.5;1.14E-08;43.559216;0.0800001;8.12E-06;43.559216;;;;0.00000812;1.14E-08
28;1.12E-08;43.682775;0.08;8.02E-06;43.682775;;;;0.00000802;1.12E-08
27.5;1.10E-08;43.806302;0.0799999;7.92E-06;43.806302;;;;0.00000792;0.000000011
27;1.09E-08;43.936448;0.0800001;7.81E-06;43.936448;;;;0.00000781;1.09E-08
26.5;1.06E-08;44.060073;0.08;7.71E-06;44.060073;;;;0.00000771;1.06E-08
26;1.06E-08;44.183573;0.08;7.61E-06;44.183573;;;;0.00000761;1.06E-08
25.5;1.10E-08;44.307067;0.0799999;7.50E-06;44.307067;;;;0.0000075;0.000000011
25;1.02E-08;44.437647;0.08;7.39E-06;44.437647;;;;0.00000739;1.02E-08
24.5;9.72E-09;44.561267;0.0800001;7.29E-06;44.561267;;;;0.00000729;9.72E-09
24;9.16E-09;44.684832;0.0800002;7.18E-06;44.684832;;;;0.00000718;9.16E-09
23.5;8.76E-09;44.808316;0.0800001;7.07E-06;44.808316;;;;0.00000707;8.76E-09
23;8.06E-09;44.957873;0.08;6.96E-06;44.957873;;;;0.00000696;8.06E-09
22.5;7.36E-09;45.107969;0.0799999;6.85E-06;45.107969;;;;0.00000685;7.36E-09
21.9999;6.99E-09;45.257926;0.0799999;6.75E-06;45.257926;;;;0.00000675;6.99E-09
21.5;5.08E-09;45.442293;0.0799999;6.64E-06;45.442293;;;;0.00000664;5.08E-09
21;6.32E-09;45.592174;0.0799999;6.53E-06;45.592174;;;;0.00000653;6.32E-09
20.4999;5.95E-09;45.742178;0.08;6.41E-06;45.742178;;;;0.00000641;5.95E-09
20;6.02E-09;45.891955;0.0800001;6.30E-06;45.891955;;;;0.0000063;6.02E-09
19.5;6.00E-09;46.058214;0.0800001;6.19E-06;46.058214;;;;0.00000619;0.000000006
18.9999;5.70E-09;46.208002;0.0799999;6.08E-06;46.208002;;;;0.00000608;5.7E-09
18.5;5.76E-09;46.357912;0.08;5.96E-06;46.357912;;;;0.00000596;5.76E-09
18;5.29E-09;46.507756;0.08;5.85E-06;46.507756;;;;0.00000585;5.29E-09
17.5;4.97E-09;46.659325;0.08;5.73E-06;46.659325;;;;0.00000573;4.97E-09
16.9999;4.49E-09;46.809197;0.08;5.62E-06;46.809197;;;;0.00000562;4.49E-09
16.5;4.30E-09;46.969655;0.0799998;5.50E-06;46.969655;;;;0.0000055;4.3E-09
16;4.07E-09;47.119581;0.0800001;5.38E-06;47.119581;;;;0.00000538;4.07E-09
15.5;3.86E-09;47.269408;0.0799998;5.26E-06;47.269408;;;;0.00000526;3.86E-09
14.9999;3.82E-09;47.449242;0.0800001;5.15E-06;47.449242;;;;0.00000515;3.82E-09
14.4999;3.72E-09;47.599145;0.0799999;5.03E-06;47.599145;;;;0.00000503;3.72E-09
13.9999;1.84E-09;47.749124;0.08;4.91E-06;47.749124;;;;0.00000491;1.84E-09
13.5001;2.01E-09;47.898924;0.08;4.79E-06;47.898924;;;;0.00000479;2.01E-09
13;1.72E-09;48.064308;0.0800001;4.67E-06;48.064308;;;;0.00000467;1.72E-09
12.4999;1.57E-09;48.214105;0.0800001;4.55E-06;48.214105;;;;0.00000455;1.57E-09
12;1.27E-09;48.364056;0.0799999;4.43E-06;48.364056;;;;0.00000443;1.27E-09
11.5;1.15E-09;48.513976;0.08;4.30E-06;48.513976;;;;0.0000043;1.15E-09
10.9999;1.07E-09;48.665325;0.08;4.18E-06;48.665325;;;;0.00000418;1.07E-09
10.5;5.63E-10;48.815157;0.0800001;4.06E-06;48.815157;;;;0.00000406;5.63E-10
9.9999;3.26E-10;48.979644;0.0799999;3.93E-06;48.979644;;;;0.00000393;3.26E-10
9.4999;1.55E-10;49.129751;0.0799998;3.81E-06;49.129751;;;;0.00000381;1.55E-10
9;-1.89E-11;49.279588;0.08;3.69E-06;49.279588;;;;0.00000369;1.89E-11
8.4999;-9.11E-11;49.46397;0.08;3.56E-06;49.46397;;;;0.00000356;9.11E-11
8;-1.62E-10;49.614016;0.08;3.44E-06;49.614016;;;;0.00000344;1.62E-10
7.5;-2.60E-10;49.76395;0.0800001;3.32E-06;49.76395;;;;0.00000332;2.6E-10
6.9999;-3.55E-10;49.913962;0.08;3.19E-06;49.913962;;;;0.00000319;3.55E-10
6.4999;-1.61E-10;50.06835;0.0799999;3.07E-06;50.06835;;;;0.00000307;1.61E-10
6;-1.64E-10;50.218135;0.08;2.94E-06;50.218135;;;;0.00000294;1.64E-10
5.4999;-1.78E-10;50.368026;0.0800001;2.82E-06;50.368026;;;;0.00000282;1.78E-10
5;-1.82E-10;50.517854;0.08;2.69E-06;50.517854;;;;0.00000269;1.82E-10
4.4999;-1.98E-10;50.669355;0.0799999;2.57E-06;50.669355;;;;0.00000257;1.98E-10
4;-1.89E-10;50.819194;0.08;2.45E-06;50.819194;;;;0.00000245;1.89E-10
3.5;-1.97E-10;50.984461;0.0799999;2.33E-06;50.984461;;;;0.00000233;1.97E-10
3;-2.10E-10;51.134471;0.08;2.21E-06;51.134471;;;;0.00000221;2.1E-10
2.5;-2.14E-10;51.284388;0.0800001;2.09E-06;51.284388;;;;0.00000209;2.14E-10
1.9999;-2.02E-10;51.468434;0.08;1.98E-06;51.468434;;;;0.00000198;2.02E-10
1.4999;-2.18E-10;51.618573;0.0799998;1.87E-06;51.618573;;;;0.00000187;2.18E-10
1;-2.11E-10;51.768518;0.08;1.75E-06;51.768518;;;;0.00000175;2.11E-10
0.4999;-2.17E-10;51.918283;0.08;1.64E-06;51.918283;;;;0.00000164;2.17E-10
0;-2.12E-10;52.091277;0.0800001;1.54E-06;52.091277;;;;0.00000154;2.12E-10
-0.5;-2.28E-10;52.24112;0.0800001;1.43E-06;52.24112;;;;0.00000143;2.28E-10
-1.0001;-2.30E-10;52.391041;0.08;1.33E-06;52.391041;;;;0.00000133;2.3E-10
-1.5;-2.32E-10;52.540901;0.0800001;1.23E-06;52.540901;;;;0.00000123;2.32E-10
-2;-2.32E-10;52.690845;0.0799999;1.13E-06;52.690845;;;;0.00000113;2.32E-10
-2.5;-2.47E-10;52.840592;0.0799999;1.04E-06;52.840592;;;;0.00000104;2.47E-10
-3.0001;-2.70E-10;52.990601;0.0800002;9.45E-07;52.990601;;;;0.000000945;2.7E-10
-3.5001;-2.99E-10;53.143367;0.0799999;8.59E-07;53.143367;;;;0.000000859;2.99E-10
-4.0001;-9.80E-10;53.293177;0.08;7.76E-07;53.293177;;;;0.000000776;9.8E-10
-4.5;-1.79E-09;53.480294;0.0800001;6.98E-07;53.480294;;;;0.000000698;1.79E-09
-5;-2.82E-09;53.630292;0.0799999;6.25E-07;53.630292;;;;0.000000625;2.82E-09
-5.5;-1.46E-08;53.80836;0.0799998;5.57E-07;53.80836;;;;0.000000557;1.46E-08
-6;-8.36E-09;53.965374;0.08;4.92E-07;53.965374;;;;0.000000492;8.36E-09
-6.5;-5.24E-09;54.103978;0.0800001;4.33E-07;54.103978;;;;0.000000433;5.24E-09
-7.0001;-4.78E-09;54.254012;0.0800001;3.78E-07;54.254012;;;;0.000000378;4.78E-09
-7.5;-1.53E-08;54.39793;0.08;3.29E-07;54.39793;;;;0.000000329;1.53E-08
-8;-1.07E-08;54.521453;0.0799999;2.83E-07;54.521453;;;;0.000000283;1.07E-08
-8.5;-1.16E-08;54.645;0.08;2.40E-07;54.645;;;;0.00000024;1.16E-08
-9;-8.89E-09;54.768499;0.08;2.04E-07;54.768499;;;;0.000000204;8.89E-09
-9.5001;-7.06E-09;54.907004;0.08;1.70E-07;54.907004;;;;0.00000017;7.06E-09
-10.0001;-6.69E-09;55.080556;0.08;1.42E-07;55.080556;;;;0.000000142;6.69E-09
-10.5001;-6.23E-09;55.23033;0.08;1.17E-07;55.23033;;;;0.000000117;6.23E-09
-11.0001;-4.78E-09;55.380258;0.08;9.63E-08;55.380258;;;;9.63E-08;4.78E-09
-11.5;-3.33E-09;55.547429;0.0800007;7.87E-08;55.547429;;;;7.87E-08;3.33E-09
-12;-3.11E-09;55.717705;0.0799981;6.43E-08;55.717705;;;;6.43E-08;3.11E-09
-12.5;-8.82E-09;55.861564;0.0799992;5.26E-08;55.861564;;;;5.26E-08;8.82E-09
-13;-7.65E-09;56.028333;0.0800006;4.27E-08;56.028333;;;;4.27E-08;7.65E-09
-13.5;-6.69E-09;56.166807;0.0800006;3.48E-08;56.166807;;;;3.48E-08;6.69E-09
-14;-5.87E-09;56.31664;0.0799993;2.84E-08;56.31664;;;;2.84E-08;5.87E-09
-14.5;-5.44E-09;56.498;0.0799992;2.29E-08;56.498;;;;2.29E-08;5.44E-09
-15;-6.81E-09;56.647913;0.0800014;1.85E-08;56.647913;;;;1.85E-08;6.81E-09
-15.5;-1.95E-08;56.791748;0.0800281;1.46E-08;56.791748;;;;1.46E-08;1.95E-08
-16;-2.28E-08;56.991628;0.0799993;1.11E-08;56.991628;;;;1.11E-08;2.28E-08
-16.5;-4.18E-05;57.147295;0.0800008;1.60E-08;57.147295;;;;0.000000016;0.0000418
-17;-2.57E-05;57.288012;0.0800339;9.88E-09;57.288012;;;;9.88E-09;0.0000257
-17.5;-2.65E-05;57.411552;0.0799636;5.96E-09;57.411552;;;;5.96E-09;0.0000265
-18;-2.08E-05;57.535094;0.0799603;3.30E-09;57.535094;;;;3.3E-09;0.0000208
-18.5;-1.92E-05;57.701981;0.0799963;2.75E-09;57.701981;;;;2.75E-09;0.0000192
-19;-2.34E-05;57.825571;0.0799877;2.56E-09;57.825571;;;;2.56E-09;0.0000234
-19.5002;-1.39E-05;58.019363;0.0799049;4.52E-09;58.019363;;;;4.52E-09;0.0000139
-20;-3.20E-05;58.189854;0.079988;1.56E-09;58.189854;;;;1.56E-09;0.000032
-20.5;-2.21E-05;58.313364;0.0799942;-5.08E-10;58.313364;;;;5.08E-10;0.0000221
-21;-2.30E-05;58.476057;0.0799898;-5.08E-10;58.476057;;;;5.08E-10;0.000023
-21.5;-2.08E-05;58.614561;0.080009;5.15E-10;58.614561;;;;5.15E-10;0.0000208
-22;-2.07E-05;58.793017;0.079998;6.02E-10;58.793017;;;;6.02E-10;0.0000207
-22.5;-1.77E-05;58.978726;0.0799979;6.77E-10;58.978726;;;;6.77E-10;0.0000177
-23;-1.70E-05;59.145735;0.08001;4.72E-10;59.145735;;;;4.72E-10;0.000017
-23.5;-1.71E-05;59.284155;0.0799914;4.45E-10;59.284155;;;;4.45E-10;0.0000171
-24;-1.59E-05;59.433948;0.0799914;1.48E-10;59.433948;;;;1.48E-10;0.0000159
-24.5;-1.54E-05;59.620592;0.0800036;2.98E-11;59.620592;;;;2.98E-11;0.0000154
-25;-1.65E-05;59.759138;0.0800008;2.76E-10;59.759138;;;;2.76E-10;0.0000165
-25.5;-1.67E-05;59.908859;0.0799737;7.27E-10;59.908859;;;;7.27E-10;0.0000167
-26;-1.50E-05;60.058886;0.0799955;2.64E-10;60.058886;;;;2.64E-10;0.000015
-26.5;-1.25E-05;60.20871;0.0800004;7.65E-10;60.20871;;;;7.65E-10;0.0000125
-27;-1.06E-05;60.35879;0.0799994;2.23E-10;60.35879;;;;2.23E-10;0.0000106
-27.5;-8.70E-06;60.537451;0.0799997;4.84E-10;60.537451;;;;4.84E-10;0.0000087
-28;-8.34E-06;60.700588;0.0800004;1.45E-10;60.700588;;;;1.45E-10;0.00000834
-28.5;-8.19E-06;60.841788;0.0799887;2.42E-10;60.841788;;;;2.42E-10;0.00000819
-29;-1.18E-05;61.012676;0.079998;7.00E-11;61.012676;;;;7E-11;0.0000118
-29.5001;-7.74E-06;61.162534;0.0799993;3.60E-10;61.162534;;;;3.6E-10;0.00000774
-30;-1.21E-05;61.312297;0.0800052;2.04E-10;61.312297;;;;2.04E-10;0.0000121
-30.5;-1.11E-05;61.498799;0.0799978;1.17E-10;61.498799;;;;1.17E-10;0.0000111
-31;-1.10E-05;61.648583;0.0799984;6.84E-11;61.648583;;;;6.84E-11;0.000011
-31.5;-7.55E-06;61.801116;0.0799971;1.32E-10;61.801116;;;;1.32E-10;0.00000755
-32;-8.66E-06;62.034846;0.0799996;2.52E-10;62.034846;;;;2.52E-10;0.00000866
-32.5;-6.27E-06;62.176043;0.080001;1.63E-10;62.176043;;;;1.63E-10;0.00000627
-33;-5.77E-06;62.325801;0.079999;3.92E-10;62.325801;;;;3.92E-10;0.00000577
-33.5;-1.91E-06;62.521103;0.0799993;1.03E-10;62.521103;;;;1.03E-10;0.00000191
-34;-1.53E-06;62.703559;0.0799957;2.07E-10;62.703559;;;;2.07E-10;0.00000153
-34.5;-7.45E-07;62.844807;0.0799989;1.16E-10;62.844807;;;;1.16E-10;0.000000745
-35;-5.95E-07;63.017523;0.0799999;1.21E-10;63.017523;;;;1.21E-10;0.000000595
-35.5;-8.92E-07;63.173462;0.0799972;9.12E-11;63.173462;;;;9.12E-11;0.000000892
-36;-7.94E-07;63.354971;0.0800002;1.44E-10;63.354971;;;;1.44E-10;0.000000794
-36.5;-1.16E-05;63.53269;0.0799914;4.54E-10;63.53269;;;;4.54E-10;0.0000116
-37;-7.94E-07;63.674152;0.0799997;6.85E-11;63.674152;;;;6.85E-11;0.000000794
-37.5;-1.38E-06;63.829592;0.0800003;1.60E-10;63.829592;;;;1.6E-10;0.00000138
-38;-1.03E-06;64.017047;0.0799976;1.93E-10;64.017047;;;;1.93E-10;0.00000103
-38.5;-8.76E-07;64.166915;0.0799997;1.16E-10;64.166915;;;;1.16E-10;0.000000876
-39;-1.02E-06;64.316749;0.0800002;1.34E-10;64.316749;;;;1.34E-10;0.00000102
-39.5;-1.19E-06;64.506797;0.08;1.12E-10;64.506797;;;;1.12E-10;0.00000119
-40;-1.28E-06;64.685073;0.0800005;9.52E-11;64.685073;;;;9.52E-11;0.00000128
-40.5;-1.06E-06;64.823566;0.0799996;1.30E-10;64.823566;;;;1.3E-10;0.00000106
-41;-1.72E-06;65.015947;0.0800085;1.91E-10;65.015947;;;;1.91E-10;0.00000172
-41.5;-7.90E-07;65.190236;0.0799924;1.37E-10;65.190236;;;;1.37E-10;0.00000079
-42;-8.36E-07;65.342872;0.0799999;1.06E-10;65.342872;;;;1.06E-10;0.000000836
-42.5;-1.04E-06;65.524344;0.0799998;1.11E-10;65.524344;;;;1.11E-10;0.00000104
-43;-1.00E-06;65.674148;0.0799996;8.47E-11;65.674148;;;;8.47E-11;0.000001
-43.5;-8.54E-07;65.826844;0.0800004;9.79E-11;65.826844;;;;9.79E-11;0.000000854
-44;-9.63E-07;66.019077;0.0800001;9.86E-11;66.019077;;;;9.86E-11;0.000000963
-44.5;-9.73E-07;66.169123;0.0800004;8.14E-11;66.169123;;;;8.14E-11;0.000000973
-45;-7.89E-07;66.318893;0.0800009;1.04E-10;66.318893;;;;1.04E-10;0.000000789
-45.5;-9.55E-07;66.510721;0.0800002;1.11E-10;66.510721;;;;1.11E-10;0.000000955
-46;-2.65E-06;66.664349;0.0799992;2.40E-10;66.664349;;;;2.4E-10;0.00000265
-46.5;-1.81E-06;66.814182;0.0800086;3.83E-10;66.814182;;;;3.83E-10;0.00000181
-47;-1.62E-06;66.981135;0.0800015;3.64E-11;66.981135;;;;3.64E-11;0.00000162
-47.5;-1.26E-06;67.131023;0.0800057;2.34E-10;67.131023;;;;2.34E-10;0.00000126
-48;-1.50E-06;67.309206;0.0799988;9.90E-11;67.309206;;;;9.9E-11;0.0000015
-48.5;-1.66E-06;67.447589;0.0799977;1.03E-10;67.447589;;;;1.03E-10;0.00000166
-49;-9.29E-07;67.612056;0.0799993;1.97E-10;67.612056;;;;1.97E-10;0.000000929
-49.5;-8.70E-07;67.764985;0.0799998;1.26E-10;67.764985;;;;1.26E-10;0.00000087
-50.0001;-3.15E-06;67.91824;0.0800055;6.76E-10;67.91824;;;;6.76E-10;0.00000315
-50.5;-4.10E-06;68.084453;0.0799978;4.88E-11;68.084453;;;;4.88E-11;0.0000041
-51;-6.99E-07;68.225927;0.0799999;1.12E-10;68.225927;;;;1.12E-10;0.000000699
-51.5;-8.12E-07;68.385702;0.0800007;1.16E-10;68.385702;;;;1.16E-10;0.000000812
-52;-8.23E-07;68.548413;0.08;9.26E-11;68.548413;;;;9.26E-11;0.000000823
-52.5;-7.71E-07;68.706619;0.0800001;1.01E-10;68.706619;;;;1.01E-10;0.000000771
-53;-1.02E-06;68.869512;0.0800002;1.29E-10;68.869512;;;;1.29E-10;0.00000102
-53.5;-6.39E-07;69.055544;0.0799996;1.06E-10;69.055544;;;;1.06E-10;0.000000639
-54;-7.82E-07;69.227762;0.0799999;5.08E-11;69.227762;;;;5.08E-11;0.000000782
-54.5;-6.76E-07;69.369154;0.0800002;1.08E-10;69.369154;;;;1.08E-10;0.000000676
-55;-8.30E-07;69.52734;0.0800003;1.24E-10;69.52734;;;;1.24E-10;0.00000083
-55.5;-1.29E-06;69.704825;0.0799977;2.26E-11;69.704825;;;;2.26E-11;0.00000129
-56;-9.30E-07;69.858323;0.0799999;1.10E-10;69.858323;;;;1.1E-10;0.00000093
-56.5;-7.09E-07;70.035297;0.0800004;1.11E-10;70.035297;;;;1.11E-10;0.000000709
-57;-9.29E-07;70.20849;0.0800015;1.66E-10;70.20849;;;;1.66E-10;0.000000929
-57.5;-9.29E-07;70.359338;0.0799999;7.22E-11;70.359338;;;;7.22E-11;0.000000929
-58;-7.03E-07;70.53036;0.0800003;7.85E-11;70.53036;;;;7.85E-11;0.000000703
-58.5;-6.66E-07;70.671818;0.0799998;8.52E-11;70.671818;;;;8.52E-11;0.000000666
-59;-8.17E-07;70.82512;0.0799999;9.41E-11;70.82512;;;;9.41E-11;0.000000817
-59.5;-1.15E-06;70.992241;0.0800129;8.94E-11;70.992241;;;;8.94E-11;0.00000115
-60;-1.27E-06;71.142062;0.0799991;1.33E-10;71.142062;;;;1.33E-10;0.00000127
