#scan;iMeasureCycle=1;iMux=0;time=0.131;N=482;LocalTime=27/10/2023 14:34:56;;;;;;|IDrain|, |IGate| (A);;;ON/OFF
#VGate(V);IGate(A);time(s);VDrain(V);IDrain(A);time(s);;;Idrain^1/2 (A^1/2);;;;;;2.76E+06
-60.0001;-4.56E-09;0.291633;1;1.61E-11;0.291633;;;4.01E-06;;;1.61E-11;4.56E-09;;
-59.5;-3.76E-09;0.4688;0.999999;1.20E-11;0.4688;;;3.46E-06;;;1.20E-11;3.76E-09;;
-59;-3.35E-09;0.645419;1;1.18E-11;0.645419;;;3.44E-06;;;1.18E-11;3.35E-09;;
-58.5001;-3.03E-09;0.840366;0.999999;9.04E-12;0.840366;;;3.01E-06;;;9.04E-12;3.03E-09;;
-58;-2.80E-09;1.016995;0.999999;7.23E-12;1.016995;;;2.69E-06;;;7.23E-12;2.80E-09;;
-57.5001;-2.62E-09;1.19371;0.999999;7.12E-12;1.19371;;;2.67E-06;;;7.12E-12;2.62E-09;;
-57;-2.45E-09;1.409618;1;6.62E-12;1.409618;;;2.57E-06;;;6.62E-12;2.45E-09;;
-56.5001;-2.32E-09;1.586324;0.999999;4.99E-12;1.586324;;;2.23E-06;;;4.99E-12;2.32E-09;;
-56;-2.21E-09;1.76289;1;6.90E-12;1.76289;;;2.63E-06;;;6.90E-12;2.21E-09;;
-55.5;-2.11E-09;1.939496;0.999999;6.71E-12;1.939496;;;2.59E-06;;;6.71E-12;2.11E-09;;
-55;-2.03E-09;2.116049;1;4.85E-12;2.116049;;;2.20E-06;;;4.85E-12;2.03E-09;;
-54.5001;-1.95E-09;2.292724;0.999999;4.09E-12;2.292724;;;2.02E-06;;;4.09E-12;1.95E-09;;
-54.0001;-1.87E-09;2.471902;0.999999;4.35E-12;2.471902;;;2.09E-06;;;4.35E-12;1.87E-09;;
-53.5001;-1.81E-09;2.648457;0.999999;3.62E-12;2.648457;;;1.90E-06;;;3.62E-12;1.81E-09;;
-53.0001;-1.75E-09;2.845093;0.999999;4.34E-12;2.845093;;;2.08E-06;;;4.34E-12;1.75E-09;;
-52.5;-1.69E-09;3.021665;1;6.08E-12;3.021665;;;2.47E-06;;;6.08E-12;1.69E-09;;
-52;-1.63E-09;3.198159;0.999999;3.95E-12;3.198159;;;1.99E-06;;;3.95E-12;1.63E-09;;
-51.5001;-1.59E-09;3.409255;0.999999;3.89E-12;3.409255;;;1.97E-06;;;3.89E-12;1.59E-09;;
-51;-1.54E-09;3.585919;0.999999;2.78E-12;3.585919;;;1.67E-06;;;2.78E-12;1.54E-09;;
-50.5001;-1.48E-09;3.762446;0.999999;3.17E-12;3.762446;;;1.78E-06;;;3.17E-12;1.48E-09;;
-50.0001;-1.44E-09;3.93893;0.999999;3.65E-12;3.93893;;;1.91E-06;;;3.65E-12;1.44E-09;;
-49.5001;-1.40E-09;4.115579;0.999999;4.01E-12;4.115579;;;2.00E-06;;;4.01E-12;1.40E-09;;
-49.0001;-1.37E-09;4.291989;0.999999;6.01E-12;4.291989;;;2.45E-06;;;6.01E-12;1.37E-09;;
-48.5;-1.32E-09;4.469487;0.999999;1.61E-12;4.469487;;;1.27E-06;;;1.61E-12;1.32E-09;;
-48;-1.29E-09;4.646099;1;4.26E-12;4.646099;;;2.06E-06;;;4.26E-12;1.29E-09;;
-47.5001;-1.26E-09;4.822737;1;4.38E-12;4.822737;;;2.09E-06;;;4.38E-12;1.26E-09;;
-47;-1.22E-09;5.008187;0.999999;7.80E-13;5.008187;;;8.83E-07;;;7.80E-13;1.22E-09;;
-46.5;-1.19E-09;5.184755;1;3.15E-12;5.184755;;;1.77E-06;;;3.15E-12;1.19E-09;;
-46.0001;-1.15E-09;5.389513;0.999999;-2.28E-12;5.389513;;;0;;;2.28E-12;1.15E-09;;
-45.5001;-1.12E-09;5.566031;1;8.20E-13;5.566031;;;9.06E-07;;;8.20E-13;1.12E-09;;
-45;-1.10E-09;5.742658;1;5.99E-12;5.742658;;;2.45E-06;;;5.99E-12;1.10E-09;;
-44.5001;-1.08E-09;5.919476;0.999999;8.49E-12;5.919476;;;2.91E-06;;;8.49E-12;1.08E-09;;
-44;-1.03E-09;6.096091;0.999999;2.06E-12;6.096091;;;1.44E-06;;;2.06E-12;1.03E-09;;
-43.5;-1.01E-09;6.272545;0.999999;4.41E-12;6.272545;;;0.0000021;;;4.41E-12;1.01E-09;;
-43.0001;-9.79E-10;6.448934;0.999999;4.14E-12;6.448934;;;2.03E-06;;;4.14E-12;9.79E-10;;
-42.5;-9.51E-10;6.625518;0.999999;6.09E-12;6.625518;;;2.47E-06;;;6.09E-12;9.51E-10;;
-42.0001;-9.18E-10;6.801995;0.999999;4.01E-12;6.801995;;;2.00E-06;;;4.01E-12;9.18E-10;;
-41.5001;-9.06E-10;6.978788;1;9.40E-12;6.978788;;;3.07E-06;;;9.40E-12;9.06E-10;;
-41.0001;-8.73E-10;7.155213;0.999999;1.04E-11;7.155213;;;3.22E-06;;;1.04E-11;8.73E-10;;
-40.5;-8.50E-10;7.331623;0.999999;1.40E-11;7.331623;;;3.74E-06;;;1.40E-11;8.50E-10;;
-40.0001;-8.23E-10;7.515358;0.999999;1.63E-11;7.515358;;;4.04E-06;;;1.63E-11;8.23E-10;;
-39.5;-8.06E-10;7.691785;1;2.40E-11;7.691785;;;4.90E-06;;;2.40E-11;8.06E-10;;
-39.0001;-7.91E-10;7.900953;0.999999;3.25E-11;7.900953;;;5.70E-06;;;3.25E-11;7.91E-10;;
-38.5;-7.57E-10;8.077434;1;4.00E-11;8.077434;;;6.32E-06;;;4.00E-11;7.57E-10;;
-38;-7.34E-10;8.253907;1;5.57E-11;8.253907;;;7.46E-06;;;5.57E-11;7.34E-10;;
-37.5;-7.16E-10;8.430444;0.999999;7.67E-11;8.430444;;;8.76E-06;;;7.67E-11;7.16E-10;;
-37;-6.90E-10;8.606797;0.999999;1.05E-10;8.606797;;;1.02E-05;;;1.05E-10;6.90E-10;;
-36.5;-6.76E-10;8.783273;0.999999;1.41E-10;8.783273;;;1.19E-05;;;1.41E-10;6.76E-10;;
-36;-6.47E-10;8.961951;1;1.85E-10;8.961951;;;1.36E-05;;;1.85E-10;6.47E-10;;
-35.5001;-6.26E-10;9.138274;1.000001;2.50E-10;9.138274;;;1.58E-05;;;2.50E-10;6.26E-10;;
-35;-6.00E-10;9.314634;0.999999;3.32E-10;9.314634;;;1.82E-05;;;3.32E-10;6.00E-10;;
-34.5;-5.82E-10;9.493013;0.999999;4.56E-10;9.493013;;;2.14E-05;;;4.56E-10;5.82E-10;;
-34;-5.57E-10;9.669281;0.999999;6.16E-10;9.669281;;;2.48E-05;;;6.16E-10;5.57E-10;;
-33.5;-5.43E-10;9.865102;0.999999;7.91E-10;9.865102;;;2.81E-05;;;7.91E-10;5.43E-10;;
-33.0001;-5.22E-10;10.041541;1;1.11E-09;10.041541;;;3.33E-05;;;1.11E-09;5.22E-10;;
-32.5001;-4.98E-10;10.218007;0.999999;1.51E-09;10.218007;;;3.89E-05;;;1.51E-09;4.98E-10;;
-32.0001;-4.77E-10;10.428845;0.999999;1.95E-09;10.428845;;;4.42E-05;;;1.95E-09;4.77E-10;;
-31.5001;-4.57E-10;10.605149;1.000001;2.66E-09;10.605149;;;5.16E-05;;;2.66E-09;4.57E-10;;
-31;-4.30E-10;10.781437;0.999999;3.70E-09;10.781437;;;6.08E-05;;;3.70E-09;4.30E-10;;
-30.5;-4.09E-10;10.930202;1;5.14E-09;10.930202;;;7.17E-05;;;5.14E-09;4.09E-10;;
-30.0001;-3.89E-10;11.079192;1;6.88E-09;11.079192;;;8.29E-05;;;6.88E-09;3.89E-10;;
-29.5;-3.86E-10;11.249538;1.000001;9.16E-09;11.249538;;;9.57E-05;;;9.16E-09;3.86E-10;;
-29.0001;-3.44E-10;11.41302;1.000001;1.18E-08;11.41302;;;0.000108628;;;1.18E-08;3.44E-10;;
-28.5001;-3.36E-10;11.563179;1.000001;1.58E-08;11.563179;;;0.000125698;;;1.58E-08;3.36E-10;;
-28;-3.17E-10;11.713238;1.000002;2.03E-08;11.713238;;;0.000142478;;;2.03E-08;3.17E-10;;
-27.5;-3.73E-10;11.901992;1.000002;2.49E-08;11.901992;;;0.000157797;;;2.49E-08;3.73E-10;;
-27.0001;-2.86E-10;12.052014;1.000002;3.14E-08;12.052014;;;0.0001772;;;3.14E-08;2.86E-10;;
-26.5001;-2.51E-10;12.202114;1.000003;4.01E-08;12.202114;;;0.00020025;;;4.01E-08;2.51E-10;;
-26;-2.35E-10;12.387182;1.000005;4.77E-08;12.387182;;;0.000218403;;;4.77E-08;2.35E-10;;
-25.5;-2.30E-10;12.537379;1.000006;5.85E-08;12.537379;;;0.000241868;;;5.85E-08;2.30E-10;;
-25.0001;-2.18E-10;12.687352;1.000005;6.92E-08;12.687352;;;0.000263059;;;6.92E-08;2.18E-10;;
-24.5;-2.19E-10;12.837351;1.00001;8.13E-08;12.837351;;;0.000285132;;;8.13E-08;2.19E-10;;
-24.0001;-1.98E-10;13.008933;1;9.19E-08;13.008933;;;0.00030315;;;9.19E-08;1.98E-10;;
-23.5;-2.50E-10;13.158901;1;1.05E-07;13.158901;;;0.000324037;;;0.000000105;2.50E-10;;
-23.0001;-1.70E-10;13.308809;1;1.16E-07;13.308809;;;0.000340588;;;0.000000116;1.70E-10;;
-22.5;-1.11E-10;13.458882;1;1.32E-07;13.458882;;;0.000363318;;;0.000000132;1.11E-10;;
-22.0001;-1.25E-10;13.608968;1;1.43E-07;13.608968;;;0.000378153;;;0.000000143;1.25E-10;;
-21.5001;-9.05E-11;13.759006;1;1.54E-07;13.759006;;;0.000392428;;;0.000000154;9.05E-11;;
-21.0001;-7.87E-11;13.915343;1;1.68E-07;13.915343;;;0.000409878;;;0.000000168;7.87E-11;;
-20.5001;-6.32E-11;14.06527;1;1.76E-07;14.06527;;;0.000419524;;;0.000000176;6.32E-11;;
-20;-7.20E-11;14.215223;1;1.83E-07;14.215223;;;0.000427785;;;0.000000183;7.20E-11;;
-19.5;-4.72E-11;14.390241;0.999999;1.90E-07;14.390241;;;0.00043589;;;0.00000019;4.72E-11;;
-19.0001;-4.93E-11;14.540246;0.999999;2.05E-07;14.540246;;;0.000452769;;;0.000000205;4.93E-11;;
-18.5;-1.96E-11;14.690106;1;2.09E-07;14.690106;;;0.000457165;;;0.000000209;1.96E-11;;
-18.0001;1.02E-11;14.840002;1;2.19E-07;14.840002;;;0.000467974;;;0.000000219;1.02E-11;;
-17.5;1.74E-11;15.008987;1;2.04E-07;15.008987;;;0.000451664;;;0.000000204;1.74E-11;;
-17;1.84E-11;15.158787;1;2.09E-07;15.158787;;;0.000457165;;;0.000000209;1.84E-11;;
-16.5001;1.49E-11;15.308801;0.999999;2.24E-07;15.308801;;;0.000473286;;;0.000000224;1.49E-11;;
-16;2.94E-10;15.458707;1.000002;2.90E-07;15.458707;;;0.000538516;;;0.00000029;2.94E-10;;
-15.5001;7.52E-11;15.610174;1;2.20E-07;15.610174;;;0.000469042;;;0.00000022;7.52E-11;;
-15;7.56E-11;15.760091;1;2.22E-07;15.760091;;;0.000471169;;;0.000000222;7.56E-11;;
-14.4999;5.69E-11;15.924937;0.999999;2.23E-07;15.924937;;;0.000472229;;;0.000000223;5.69E-11;;
-14.0001;6.82E-11;16.074805;1;2.37E-07;16.074805;;;0.000486826;;;0.000000237;6.82E-11;;
-13.5;1.39E-10;16.224957;1.000001;2.34E-07;16.224957;;;0.000483735;;;0.000000234;1.39E-10;;
-13;9.02E-11;16.413894;1;2.30E-07;16.413894;;;0.000479583;;;0.00000023;9.02E-11;;
-12.5001;1.12E-10;16.563714;1;2.31E-07;16.563714;;;0.000480625;;;0.000000231;1.12E-10;;
-12.0001;1.14E-10;16.713545;1;2.29E-07;16.713545;;;0.000478539;;;0.000000229;1.14E-10;;
-11.5;1.40E-10;16.899058;1.000001;2.56E-07;16.899058;;;0.000505964;;;0.000000256;1.40E-10;;
-11.0001;2.46E-11;17.048886;0.999995;2.64E-07;17.048886;;;0.000513809;;;0.000000264;2.46E-11;;
-10.5001;1.43E-10;17.198752;1;2.51E-07;17.198752;;;0.000500999;;;0.000000251;1.43E-10;;
-10;1.21E-10;17.348582;0.999999;2.64E-07;17.348582;;;0.000513809;;;0.000000264;1.21E-10;;
-9.5;1.60E-10;17.51437;1;2.50E-07;17.51437;;;0.0005;;;0.00000025;1.60E-10;;
-9.0001;1.83E-10;17.664147;1;2.73E-07;17.664147;;;0.000522494;;;0.000000273;1.83E-10;;
-8.5;1.86E-10;17.814048;1;2.49E-07;17.814048;;;0.000498999;;;0.000000249;1.86E-10;;
-8;1.97E-10;17.963905;1;2.64E-07;17.963905;;;0.000513809;;;0.000000264;1.97E-10;;
-7.5001;1.77E-10;18.114135;0.999997;3.37E-07;18.114135;;;0.000580517;;;0.000000337;1.77E-10;;
-7.0001;2.10E-10;18.263992;1;2.48E-07;18.263992;;;0.000497996;;;0.000000248;2.10E-10;;
-6.5001;2.27E-10;18.426494;0.999999;3.09E-07;18.426494;;;0.000555878;;;0.000000309;2.27E-10;;
-6;2.50E-10;18.576365;1;2.84E-07;18.576365;;;0.000532917;;;0.000000284;2.50E-10;;
-5.5;2.70E-10;18.72622;1;2.80E-07;18.72622;;;0.00052915;;;0.00000028;2.70E-10;;
-5;2.32E-10;18.901645;0.999996;2.72E-07;18.901645;;;0.000521536;;;0.000000272;2.32E-10;;
-4.5;2.70E-10;19.051507;0.999999;3.19E-07;19.051507;;;0.000564801;;;0.000000319;2.70E-10;;
-4.0001;2.97E-10;19.201258;1.000001;3.00E-07;19.201258;;;0.000547723;;;0.0000003;2.97E-10;;
-3.5001;2.96E-10;19.351195;0.999999;3.01E-07;19.351195;;;0.000548635;;;0.000000301;2.96E-10;;
-3.0001;2.88E-10;19.519439;0.999997;3.16E-07;19.519439;;;0.000562139;;;0.000000316;2.88E-10;;
-2.5;1.56E-10;19.669218;0.999983;3.64E-07;19.669218;;;0.000603324;;;0.000000364;1.56E-10;;
-2;3.52E-10;19.819098;0.999999;8.83E-07;19.819098;;;0.000939681;;;0.000000883;3.52E-10;;
-1.5001;3.60E-10;19.968954;1.000003;6.98E-07;19.968954;;;0.000835464;;;0.000000698;3.60E-10;;
-1.0001;3.46E-10;20.119096;0.999997;3.59E-07;20.119096;;;0.000599166;;;0.000000359;3.46E-10;;
-0.5;3.68E-10;20.268935;1;3.31E-07;20.268935;;;0.000575326;;;0.000000331;3.68E-10;;
-0.0001;3.94E-10;20.435944;1.000001;3.58E-07;20.435944;;;0.000598331;;;0.000000358;3.94E-10;;
0.4999;4.09E-10;20.585776;1.000001;3.91E-07;20.585776;;;0.0006253;;;0.000000391;4.09E-10;;
1;4.22E-10;20.735661;1.000001;3.11E-07;20.735661;;;0.000557674;;;0.000000311;4.22E-10;;
1.5;3.99E-10;20.920866;0.999998;3.25E-07;20.920866;;;0.000570088;;;0.000000325;3.99E-10;;
1.9999;4.10E-10;21.070752;1.000011;5.42E-07;21.070752;;;0.000736206;;;0.000000542;4.10E-10;;
2.4999;4.39E-10;21.220694;0.999999;3.47E-07;21.220694;;;0.000589067;;;0.000000347;4.39E-10;;
2.9999;4.44E-10;21.395126;1;2.98E-07;21.395126;;;0.000545894;;;0.000000298;4.44E-10;;
3.5;4.60E-10;21.545056;1;3.23E-07;21.545056;;;0.000568331;;;0.000000323;4.60E-10;;
3.9999;4.85E-10;21.6949;1;3.19E-07;21.6949;;;0.000564801;;;0.000000319;4.85E-10;;
4.5;4.98E-10;21.844746;1.000001;3.12E-07;21.844746;;;0.00055857;;;0.000000312;4.98E-10;;
4.9999;5.30E-10;21.994796;1.000003;3.84E-07;21.994796;;;0.000619677;;;0.000000384;5.30E-10;;
5.5;3.66E-10;22.166418;1.000004;2.15E-06;22.166418;;;0.001466288;;;0.00000215;3.66E-10;;
6;5.66E-10;22.31622;1.000001;1.90E-06;22.31622;;;0.001378405;;;0.0000019;5.66E-10;;
6.4999;5.23E-10;22.494279;1;4.05E-07;22.494279;;;0.000636396;;;0.000000405;5.23E-10;;
6.9999;5.28E-10;22.635583;0.999994;5.54E-07;22.635583;;;0.000744312;;;0.000000554;5.28E-10;;
7.4999;5.60E-10;22.785582;0.999998;4.71E-07;22.785582;;;0.000686294;;;0.000000471;5.60E-10;;
7.9999;5.76E-10;22.942762;0.999999;3.59E-07;22.942762;;;0.000599166;;;0.000000359;5.76E-10;;
8.4999;6.39E-10;23.092607;1.000011;3.80E-07;23.092607;;;0.000616441;;;0.00000038;6.39E-10;;
8.9999;6.00E-10;23.242393;1;3.75E-07;23.242393;;;0.000612372;;;0.000000375;6.00E-10;;
9.5;6.10E-10;23.427392;1;4.00E-07;23.427392;;;0.000632456;;;0.0000004;6.10E-10;;
9.9999;6.22E-10;23.5774;1;4.08E-07;23.5774;;;0.000638749;;;0.000000408;6.22E-10;;
10.5;6.55E-10;23.727254;1.000002;3.63E-07;23.727254;;;0.000602495;;;0.000000363;6.55E-10;;
11;6.41E-10;23.901511;1;3.08E-07;23.901511;;;0.000554977;;;0.000000308;6.41E-10;;
11.5;6.53E-10;24.0514;1;3.00E-07;24.0514;;;0.000547723;;;0.0000003;6.53E-10;;
11.9999;6.73E-10;24.201275;1;3.09E-07;24.201275;;;0.000555878;;;0.000000309;6.73E-10;;
12.5;6.90E-10;24.350994;0.999999;2.88E-07;24.350994;;;0.000536656;;;0.000000288;6.90E-10;;
13;6.95E-10;24.50116;0.999999;2.96E-07;24.50116;;;0.000544059;;;0.000000296;6.95E-10;;
13.5;7.11E-10;24.651021;1;3.07E-07;24.651021;;;0.000554076;;;0.000000307;7.11E-10;;
14;7.35E-10;24.801084;1.000001;3.10E-07;24.801084;;;0.000556776;;;0.00000031;7.35E-10;;
14.4999;7.43E-10;24.951014;1;2.99E-07;24.951014;;;0.000546809;;;0.000000299;7.43E-10;;
15;7.58E-10;25.100974;1;2.95E-07;25.100974;;;0.000543139;;;0.000000295;7.58E-10;;
15.4999;7.65E-10;25.250843;1;3.04E-07;25.250843;;;0.000551362;;;0.000000304;7.65E-10;;
15.9999;7.73E-10;25.438551;0.999999;3.05E-07;25.438551;;;0.000552268;;;0.000000305;7.73E-10;;
16.4999;7.81E-10;25.588473;0.999999;3.08E-07;25.588473;;;0.000554977;;;0.000000308;7.81E-10;;
16.9999;7.99E-10;25.738298;1;3.06E-07;25.738298;;;0.000553173;;;0.000000306;7.99E-10;;
17.5;8.09E-10;25.918323;0.999999;3.05E-07;25.918323;;;0.000552268;;;0.000000305;8.09E-10;;
17.9999;8.26E-10;26.068197;1;3.11E-07;26.068197;;;0.000557674;;;0.000000311;8.26E-10;;
18.5;8.33E-10;26.218076;1;3.23E-07;26.218076;;;0.000568331;;;0.000000323;8.33E-10;;
18.9999;8.40E-10;26.367857;0.999996;3.57E-07;26.367857;;;0.000597495;;;0.000000357;8.40E-10;;
19.4999;8.58E-10;26.538131;1;3.00E-07;26.538131;;;0.000547723;;;0.0000003;8.58E-10;;
19.9999;8.72E-10;26.688015;1.000003;3.18E-07;26.688015;;;0.000563915;;;0.000000318;8.72E-10;;
20.4999;8.93E-10;26.837921;0.999999;3.98E-07;26.837921;;;0.000630872;;;0.000000398;8.93E-10;;
21;9.11E-10;26.987798;1;3.84E-07;26.987798;;;0.000619677;;;0.000000384;9.11E-10;;
21.5;9.27E-10;27.139501;0.999999;3.86E-07;27.139501;;;0.000621289;;;0.000000386;9.27E-10;;
21.9999;9.32E-10;27.295329;0.999999;3.12E-07;27.295329;;;0.00055857;;;0.000000312;9.32E-10;;
22.5;9.39E-10;27.450725;1;3.41E-07;27.450725;;;0.000583952;;;0.000000341;9.39E-10;;
23;9.50E-10;27.600777;1;3.31E-07;27.600777;;;0.000575326;;;0.000000331;9.50E-10;;
23.5;9.72E-10;27.750755;1;3.35E-07;27.750755;;;0.000578792;;;0.000000335;9.72E-10;;
24;9.77E-10;27.9299;1.000001;3.27E-07;27.9299;;;0.000571839;;;0.000000327;9.77E-10;;
24.5;9.88E-10;28.079953;1.000001;3.08E-07;28.079953;;;0.000554977;;;0.000000308;9.88E-10;;
25;1.01E-09;28.229978;1.000001;2.97E-07;28.229978;;;0.000544977;;;0.000000297;1.01E-09;;
25.5;1.02E-09;28.379969;1;3.24E-07;28.379969;;;0.00056921;;;0.000000324;1.02E-09;;
25.9999;1.03E-09;28.542678;1;3.38E-07;28.542678;;;0.000581378;;;0.000000338;1.03E-09;;
26.5;1.04E-09;28.692704;1.000001;3.41E-07;28.692704;;;0.000583952;;;0.000000341;1.04E-09;;
27;1.06E-09;28.842817;1;3.34E-07;28.842817;;;0.000577927;;;0.000000334;1.06E-09;;
27.4999;1.06E-09;28.992787;0.999999;3.77E-07;28.992787;;;0.000614003;;;0.000000377;1.06E-09;;
27.9999;1.07E-09;29.144631;0.999999;3.59E-07;29.144631;;;0.000599166;;;0.000000359;1.07E-09;;
28.4999;1.09E-09;29.29458;1;3.45E-07;29.29458;;;0.000587367;;;0.000000345;1.09E-09;;
29;1.12E-09;29.45584;1;3.46E-07;29.45584;;;0.000588218;;;0.000000346;1.12E-09;;
29.4999;1.14E-09;29.605844;0.999999;3.44E-07;29.605844;;;0.000586515;;;0.000000344;1.14E-09;;
30;1.15E-09;29.755896;1;3.41E-07;29.755896;;;0.000583952;;;0.000000341;1.15E-09;;
30.5;1.15E-09;29.930521;0.999999;3.41E-07;29.930521;;;0.000583952;;;0.000000341;1.15E-09;;
31;1.17E-09;30.080678;0.999999;3.25E-07;30.080678;;;0.000570088;;;0.000000325;1.17E-09;;
31.5;1.17E-09;30.230773;0.999999;3.37E-07;30.230773;;;0.000580517;;;0.000000337;1.17E-09;;
32;1.20E-09;30.380822;0.999999;3.27E-07;30.380822;;;0.000571839;;;0.000000327;1.20E-09;;
32.4999;1.20E-09;30.548802;1;3.44E-07;30.548802;;;0.000586515;;;0.000000344;1.20E-09;;
32.9999;1.22E-09;30.69888;0.999999;3.18E-07;30.69888;;;0.000563915;;;0.000000318;1.22E-09;;
33.5;1.23E-09;30.849021;1.000003;3.53E-07;30.849021;;;0.000594138;;;0.000000353;1.23E-09;;
34;1.24E-09;30.999208;1;3.23E-07;30.999208;;;0.000568331;;;0.000000323;1.24E-09;;
34.4999;1.24E-09;31.149966;1;3.39E-07;31.149966;;;0.000582237;;;0.000000339;1.24E-09;;
35;1.25E-09;31.299976;0.999998;2.88E-07;31.299976;;;0.000536656;;;0.000000288;1.25E-09;;
35.5;1.27E-09;31.465163;1;2.96E-07;31.465163;;;0.000544059;;;0.000000296;1.27E-09;;
35.9999;1.27E-09;31.615211;1;2.97E-07;31.615211;;;0.000544977;;;0.000000297;1.27E-09;;
36.5;1.29E-09;31.76526;1;2.96E-07;31.76526;;;0.000544059;;;0.000000296;1.29E-09;;
37;1.28E-09;31.954377;0.999999;2.91E-07;31.954377;;;0.000539444;;;0.000000291;1.28E-09;;
37.4999;1.30E-09;32.104425;1;2.87E-07;32.104425;;;0.000535724;;;0.000000287;1.30E-09;;
38;1.31E-09;32.254658;0.999999;2.83E-07;32.254658;;;0.000531977;;;0.000000283;1.31E-09;;
38.4999;1.32E-09;32.439352;1;3.05E-07;32.439352;;;0.000552268;;;0.000000305;1.32E-09;;
38.9999;1.34E-09;32.589607;1;3.14E-07;32.589607;;;0.000560357;;;0.000000314;1.34E-09;;
39.5001;1.36E-09;32.739709;0.999999;2.98E-07;32.739709;;;0.000545894;;;0.000000298;1.36E-09;;
40;1.37E-09;32.889944;1;3.07E-07;32.889944;;;0.000554076;;;0.000000307;1.37E-09;;
40.5001;1.38E-09;33.055211;0.999999;2.94E-07;33.055211;;;0.000542218;;;0.000000294;1.38E-09;;
40.9999;1.39E-09;33.20545;1;3.01E-07;33.20545;;;0.000548635;;;0.000000301;1.39E-09;;
41.4999;1.42E-09;33.355625;0.999999;3.02E-07;33.355625;;;0.000549545;;;0.000000302;1.42E-09;;
42;1.42E-09;33.505856;1;2.95E-07;33.505856;;;0.000543139;;;0.000000295;1.42E-09;;
42.5;1.43E-09;33.657498;0.999999;2.97E-07;33.657498;;;0.000544977;;;0.000000297;1.43E-09;;
43;1.44E-09;33.807942;1;2.94E-07;33.807942;;;0.000542218;;;0.000000294;1.44E-09;;
43.4999;1.45E-09;33.971861;1;2.82E-07;33.971861;;;0.000531037;;;0.000000282;1.45E-09;;
44;1.47E-09;34.122147;0.999999;2.85E-07;34.122147;;;0.000533854;;;0.000000285;1.47E-09;;
44.4999;1.47E-09;34.272415;0.999999;2.87E-07;34.272415;;;0.000535724;;;0.000000287;1.47E-09;;
45;1.47E-09;34.460855;1;2.90E-07;34.460855;;;0.000538516;;;0.00000029;1.47E-09;;
45.4999;1.48E-09;34.61121;1;2.90E-07;34.61121;;;0.000538516;;;0.00000029;1.48E-09;;
46;1.51E-09;34.761437;1;2.87E-07;34.761437;;;0.000535724;;;0.000000287;1.51E-09;;
46.4999;1.50E-09;34.94592;1;2.78E-07;34.94592;;;0.000527257;;;0.000000278;1.50E-09;;
46.9999;1.52E-09;35.096163;1;2.89E-07;35.096163;;;0.000537587;;;0.000000289;1.52E-09;;
47.4999;1.54E-09;35.246432;1;2.93E-07;35.246432;;;0.000541295;;;0.000000293;1.54E-09;;
47.9999;1.54E-09;35.396683;1;2.60E-07;35.396683;;;0.000509902;;;0.00000026;1.54E-09;;
48.4999;1.56E-09;35.561716;1;2.60E-07;35.561716;;;0.000509902;;;0.00000026;1.56E-09;;
48.9999;1.57E-09;35.712018;1;2.57E-07;35.712018;;;0.000506952;;;0.000000257;1.57E-09;;
49.4999;1.59E-09;35.86227;0.999999;2.65E-07;35.86227;;;0.000514782;;;0.000000265;1.59E-09;;
49.9999;1.61E-09;36.012491;1;2.62E-07;36.012491;;;0.000511859;;;0.000000262;1.61E-09;;
50.4999;1.62E-09;36.164089;1;2.59E-07;36.164089;;;0.00050892;;;0.000000259;1.62E-09;;
51;1.63E-09;36.327921;1;2.49E-07;36.327921;;;0.000498999;;;0.000000249;1.63E-09;;
51.4999;1.64E-09;36.47881;1;2.58E-07;36.47881;;;0.000507937;;;0.000000258;1.64E-09;;
51.9999;1.65E-09;36.629101;1;2.59E-07;36.629101;;;0.00050892;;;0.000000259;1.65E-09;;
52.4999;1.67E-09;36.779345;1;2.57E-07;36.779345;;;0.000506952;;;0.000000257;1.67E-09;;
53;1.66E-09;36.963588;1;2.45E-07;36.963588;;;0.000494975;;;0.000000245;1.66E-09;;
53.4999;1.68E-09;37.113952;1;2.57E-07;37.113952;;;0.000506952;;;0.000000257;1.68E-09;;
53.9999;1.69E-09;37.264323;1;2.55E-07;37.264323;;;0.000504975;;;0.000000255;1.69E-09;;
54.4999;1.69E-09;37.448362;1;2.47E-07;37.448362;;;0.000496991;;;0.000000247;1.69E-09;;
54.9999;1.71E-09;37.598745;1;2.48E-07;37.598745;;;0.000497996;;;0.000000248;1.71E-09;;
55.5;1.74E-09;37.749091;1;2.44E-07;37.749091;;;0.000493964;;;0.000000244;1.74E-09;;
55.9999;1.75E-09;37.899498;1;2.44E-07;37.899498;;;0.000493964;;;0.000000244;1.75E-09;;
56.5;1.76E-09;38.068453;1;2.46E-07;38.068453;;;0.000495984;;;0.000000246;1.76E-09;;
56.9999;1.76E-09;38.218885;1;2.53E-07;38.218885;;;0.000502991;;;0.000000253;1.76E-09;;
57.5;1.77E-09;38.369129;1;2.54E-07;38.369129;;;0.000503984;;;0.000000254;1.77E-09;;
57.9999;1.78E-09;38.519431;0.999999;2.67E-07;38.519431;;;0.00051672;;;0.000000267;1.78E-09;;
58.5;1.80E-09;38.670735;1;2.74E-07;38.670735;;;0.00052345;;;0.000000274;1.80E-09;;
58.9999;1.81E-09;38.821178;1;2.52E-07;38.821178;;;0.000501996;;;0.000000252;1.81E-09;;
59.4999;1.81E-09;38.999947;0.999999;2.58E-07;38.999947;;;0.000507937;;;0.000000258;1.81E-09;;
60;1.83E-09;39.150503;1;2.60E-07;39.150503;;;0.000509902;;;0.00000026;1.83E-09;;
60;1.80E-09;39.272818;1;2.49E-07;39.272818;;;0.000498999;;;0.000000249;1.80E-09;;
59.4999;1.69E-09;39.454319;1;2.45E-07;39.454319;;;0.000494975;;;0.000000245;1.69E-09;;
58.9999;1.62E-09;39.60477;1;2.39E-07;39.60477;;;0.000488876;;;0.000000239;1.62E-09;;
58.4999;1.56E-09;39.755024;1;2.46E-07;39.755024;;;0.000495984;;;0.000000246;1.56E-09;;
57.9999;1.50E-09;39.905406;1;2.48E-07;39.905406;;;0.000497996;;;0.000000248;1.50E-09;;
57.4999;1.47E-09;40.07457;1;2.44E-07;40.07457;;;0.000493964;;;0.000000244;1.47E-09;;
56.9999;1.41E-09;40.224988;0.999999;2.44E-07;40.224988;;;0.000493964;;;0.000000244;1.41E-09;;
56.4999;1.37E-09;40.375226;0.999999;2.62E-07;40.375226;;;0.000511859;;;0.000000262;1.37E-09;;
55.9999;1.33E-09;40.525531;0.999999;2.67E-07;40.525531;;;0.00051672;;;0.000000267;1.33E-09;;
55.5;1.31E-09;40.676228;1;2.57E-07;40.676228;;;0.000506952;;;0.000000257;1.31E-09;;
55;1.26E-09;40.826549;1;2.57E-07;40.826549;;;0.000506952;;;0.000000257;1.26E-09;;
54.5;1.24E-09;40.990586;0.999999;2.57E-07;40.990586;;;0.000506952;;;0.000000257;1.24E-09;;
53.9999;1.20E-09;41.140856;0.999999;2.40E-07;41.140856;;;0.000489898;;;0.00000024;1.20E-09;;
53.5;1.17E-09;41.291204;1;2.46E-07;41.291204;;;0.000495984;;;0.000000246;1.17E-09;;
53;1.15E-09;41.475317;1;2.44E-07;41.475317;;;0.000493964;;;0.000000244;1.15E-09;;
52.4999;1.11E-09;41.625713;1;2.45E-07;41.625713;;;0.000494975;;;0.000000245;1.11E-09;;
51.9999;1.09E-09;41.775967;1;2.44E-07;41.775967;;;0.000493964;;;0.000000244;1.09E-09;;
51.4999;1.06E-09;41.960254;1;2.42E-07;41.960254;;;0.000491935;;;0.000000242;1.06E-09;;
51;1.03E-09;42.110587;0.999999;2.49E-07;42.110587;;;0.000498999;;;0.000000249;1.03E-09;;
50.4999;1.00E-09;42.260945;1;2.51E-07;42.260945;;;0.000500999;;;0.000000251;0.000000001;;
50;9.76E-10;42.411133;1;2.53E-07;42.411133;;;0.000502991;;;0.000000253;9.76E-10;;
49.5;9.55E-10;42.579874;1;2.62E-07;42.579874;;;0.000511859;;;0.000000262;9.55E-10;;
49;9.46E-10;42.730149;0.999999;2.63E-07;42.730149;;;0.000512835;;;0.000000263;9.46E-10;;
48.5;9.13E-10;42.880464;1;2.63E-07;42.880464;;;0.000512835;;;0.000000263;9.13E-10;;
47.9999;8.86E-10;43.030662;1;2.59E-07;43.030662;;;0.00050892;;;0.000000259;8.86E-10;;
47.5;8.70E-10;43.18225;1;2.57E-07;43.18225;;;0.000506952;;;0.000000257;8.70E-10;;
46.9999;8.53E-10;43.332462;1;2.66E-07;43.332462;;;0.000515752;;;0.000000266;8.53E-10;;
46.5;8.24E-10;43.49295;1;2.64E-07;43.49295;;;0.000513809;;;0.000000264;8.24E-10;;
45.9999;8.05E-10;43.643154;1;2.60E-07;43.643154;;;0.000509902;;;0.00000026;8.05E-10;;
45.4999;7.82E-10;43.793426;1;2.50E-07;43.793426;;;0.0005;;;0.00000025;7.82E-10;;
44.9999;7.60E-10;43.967176;0.999996;3.06E-07;43.967176;;;0.000553173;;;0.000000306;7.60E-10;;
44.4999;7.47E-10;44.117378;1;3.14E-07;44.117378;;;0.000560357;;;0.000000314;7.47E-10;;
44;7.22E-10;44.267645;1;2.94E-07;44.267645;;;0.000542218;;;0.000000294;7.22E-10;;
43.4999;7.08E-10;44.417866;1.000001;2.88E-07;44.417866;;;0.000536656;;;0.000000288;7.08E-10;;
43;6.92E-10;44.584989;0.999999;2.90E-07;44.584989;;;0.000538516;;;0.00000029;6.92E-10;;
42.5;6.70E-10;44.735231;1;2.92E-07;44.735231;;;0.00054037;;;0.000000292;6.70E-10;;
42;6.37E-10;44.885457;0.999999;2.79E-07;44.885457;;;0.000528205;;;0.000000279;6.37E-10;;
41.5;6.24E-10;45.035729;1;2.81E-07;45.035729;;;0.000530094;;;0.000000281;6.24E-10;;
40.9999;6.08E-10;45.187336;0.999999;3.17E-07;45.187336;;;0.000563028;;;0.000000317;6.08E-10;;
40.5001;5.82E-10;45.337508;0.999999;2.96E-07;45.337508;;;0.000544059;;;0.000000296;5.82E-10;;
40;5.71E-10;45.497848;1;3.09E-07;45.497848;;;0.000555878;;;0.000000309;5.71E-10;;
39.5;5.42E-10;45.648061;1;2.98E-07;45.648061;;;0.000545894;;;0.000000298;5.42E-10;;
39;5.18E-10;45.798113;1;2.96E-07;45.798113;;;0.000544059;;;0.000000296;5.18E-10;;
38.5;5.07E-10;45.976364;0.999999;2.93E-07;45.976364;;;0.000541295;;;0.000000293;5.07E-10;;
38;4.85E-10;46.126439;0.999999;2.94E-07;46.126439;;;0.000542218;;;0.000000294;4.85E-10;;
37.4999;4.61E-10;46.276507;1;2.93E-07;46.276507;;;0.000541295;;;0.000000293;4.61E-10;;
36.9999;4.42E-10;46.426569;1.000001;3.01E-07;46.426569;;;0.000548635;;;0.000000301;4.42E-10;;
36.4999;4.26E-10;46.589948;1;3.00E-07;46.589948;;;0.000547723;;;0.0000003;4.26E-10;;
36;4.15E-10;46.739962;1.000001;3.04E-07;46.739962;;;0.000551362;;;0.000000304;4.15E-10;;
35.5;3.91E-10;46.890113;0.999999;3.25E-07;46.890113;;;0.000570088;;;0.000000325;3.91E-10;;
35;3.80E-10;47.040143;1;3.15E-07;47.040143;;;0.000561249;;;0.000000315;3.80E-10;;
34.5;3.27E-10;47.192259;1;3.13E-07;47.192259;;;0.000559464;;;0.000000313;3.27E-10;;
33.9999;2.74E-10;47.342234;1;3.22E-07;47.342234;;;0.00056745;;;0.000000322;2.74E-10;;
33.4999;2.74E-10;47.507183;1;3.14E-07;47.507183;;;0.000560357;;;0.000000314;2.74E-10;;
32.9999;2.66E-10;47.657308;0.999999;3.16E-07;47.657308;;;0.000562139;;;0.000000316;2.66E-10;;
32.4999;2.54E-10;47.807362;1;3.11E-07;47.807362;;;0.000557674;;;0.000000311;2.54E-10;;
31.9999;2.95E-10;47.991751;1;3.11E-07;47.991751;;;0.000557674;;;0.000000311;2.95E-10;;
31.4999;2.27E-10;48.14185;0.999999;3.08E-07;48.14185;;;0.000554977;;;0.000000308;2.27E-10;;
31;2.52E-10;48.292036;1;3.13E-07;48.292036;;;0.000559464;;;0.000000313;2.52E-10;;
30.4999;2.56E-10;48.476893;1;3.08E-07;48.476893;;;0.000554977;;;0.000000308;2.56E-10;;
30;2.29E-10;48.626981;1;3.09E-07;48.626981;;;0.000555878;;;0.000000309;2.29E-10;;
29.4999;2.08E-10;48.776963;0.999999;3.09E-07;48.776963;;;0.000555878;;;0.000000309;2.08E-10;;
29;2.03E-10;48.926975;0.999999;3.07E-07;48.926975;;;0.000554076;;;0.000000307;2.03E-10;;
28.4999;2.05E-10;49.096215;1;3.52E-07;49.096215;;;0.000593296;;;0.000000352;2.05E-10;;
28;1.77E-10;49.246201;1;3.16E-07;49.246201;;;0.000562139;;;0.000000316;1.77E-10;;
27.5;1.85E-10;49.396154;1.000006;3.37E-07;49.396154;;;0.000580517;;;0.000000337;1.85E-10;;
27;1.56E-10;49.546405;1;3.64E-07;49.546405;;;0.000603324;;;0.000000364;1.56E-10;;
26.5;1.42E-10;49.698581;0.999998;3.17E-07;49.698581;;;0.000563028;;;0.000000317;1.42E-10;;
25.9999;1.30E-10;49.848631;0.999999;3.31E-07;49.848631;;;0.000575326;;;0.000000331;1.30E-10;;
25.4999;-1.26E-10;50.01415;0.999999;3.36E-07;50.01415;;;0.000579655;;;0.000000336;1.26E-10;;
25;-7.01E-12;50.164326;1;3.39E-07;50.164326;;;0.000582237;;;0.000000339;7.01E-12;;
24.4999;7.02E-11;50.314384;1;3.40E-07;50.314384;;;0.000583095;;;0.00000034;7.02E-11;;
24;1.05E-10;50.502787;1;3.11E-07;50.502787;;;0.000557674;;;0.000000311;1.05E-10;;
23.4999;8.14E-11;50.652846;0.999999;3.11E-07;50.652846;;;0.000557674;;;0.000000311;8.14E-11;;
22.9999;5.64E-11;50.802831;1.000001;3.43E-07;50.802831;;;0.000585662;;;0.000000343;5.64E-11;;
22.4999;4.59E-11;50.987854;0.999999;3.52E-07;50.987854;;;0.000593296;;;0.000000352;4.59E-11;;
22;3.85E-11;51.137912;1;3.32E-07;51.137912;;;0.000576194;;;0.000000332;3.85E-11;;
21.5;2.40E-11;51.287905;1;3.33E-07;51.287905;;;0.000577062;;;0.000000333;2.40E-11;;
20.9999;-1.10E-12;51.437708;0.999998;3.23E-07;51.437708;;;0.000568331;;;0.000000323;1.10E-12;;
20.4999;1.53E-11;51.603494;1;3.29E-07;51.603494;;;0.000573585;;;0.000000329;1.53E-11;;
20;-6.83E-12;51.753375;1;3.29E-07;51.753375;;;0.000573585;;;0.000000329;6.83E-12;;
19.4999;-2.03E-11;51.903287;1;3.82E-07;51.903287;;;0.000618061;;;0.000000382;2.03E-11;;
18.9999;-3.16E-11;52.053193;1;3.94E-07;52.053193;;;0.000627694;;;0.000000394;3.16E-11;;
18.5;-3.99E-11;52.204931;1;4.38E-07;52.204931;;;0.000661816;;;0.000000438;3.99E-11;;
18;-3.96E-11;52.354765;0.999999;3.76E-07;52.354765;;;0.000613188;;;0.000000376;3.96E-11;;
17.4999;-5.43E-11;52.520309;1;3.64E-07;52.520309;;;0.000603324;;;0.000000364;5.43E-11;;
16.9999;-5.58E-11;52.670144;0.999999;3.54E-07;52.670144;;;0.000594979;;;0.000000354;5.58E-11;;
16.5;-7.18E-11;52.820035;1;3.44E-07;52.820035;;;0.000586515;;;0.000000344;7.18E-11;;
16;-6.32E-11;53.009182;1;3.53E-07;53.009182;;;0.000594138;;;0.000000353;6.32E-11;;
15.4999;-8.70E-11;53.159082;1;3.62E-07;53.159082;;;0.000601664;;;0.000000362;8.70E-11;;
14.9999;-1.05E-10;53.30898;1;3.48E-07;53.30898;;;0.000589915;;;0.000000348;1.05E-10;;
14.5;-8.98E-11;53.4902;1.000001;3.39E-07;53.4902;;;0.000582237;;;0.000000339;8.98E-11;;
14;-1.19E-10;53.640165;0.999999;3.34E-07;53.640165;;;0.000577927;;;0.000000334;1.19E-10;;
13.5;-1.27E-10;53.790026;1;3.33E-07;53.790026;;;0.000577062;;;0.000000333;1.27E-10;;
13;-1.38E-10;53.939871;1;3.26E-07;53.939871;;;0.000570964;;;0.000000326;1.38E-10;;
12.5;-1.44E-10;54.109876;0.999999;3.28E-07;54.109876;;;0.000572713;;;0.000000328;1.44E-10;;
11.9999;-1.53E-10;54.259771;0.999999;3.15E-07;54.259771;;;0.000561249;;;0.000000315;1.53E-10;;
11.4999;-1.62E-10;54.409709;1;3.09E-07;54.409709;;;0.000555878;;;0.000000309;1.62E-10;;
10.9999;-1.74E-10;54.559608;1;3.03E-07;54.559608;;;0.000550454;;;0.000000303;1.74E-10;;
10.4999;-1.90E-10;54.711171;1;3.02E-07;54.711171;;;0.000549545;;;0.000000302;1.90E-10;;
10;-1.96E-10;54.861061;1;2.96E-07;54.861061;;;0.000544059;;;0.000000296;1.96E-10;;
9.5;-1.99E-10;55.022224;0.999999;2.94E-07;55.022224;;;0.000542218;;;0.000000294;1.99E-10;;
9;-2.18E-10;55.172124;1;3.07E-07;55.172124;;;0.000554076;;;0.000000307;2.18E-10;;
8.5;-2.38E-10;55.321971;0.999999;3.12E-07;55.321971;;;0.00055857;;;0.000000312;2.38E-10;;
8;-2.27E-10;55.5011;1;3.19E-07;55.5011;;;0.000564801;;;0.000000319;2.27E-10;;
7.5;-2.47E-10;55.65102;1;3.11E-07;55.65102;;;0.000557674;;;0.000000311;2.47E-10;;
6.9999;-2.55E-10;55.800804;1;3.01E-07;55.800804;;;0.000548635;;;0.000000301;2.55E-10;;
6.5;-2.82E-10;55.950707;0.999999;2.84E-07;55.950707;;;0.000532917;;;0.000000284;2.82E-10;;
6;-2.91E-10;56.114889;1;2.79E-07;56.114889;;;0.000528205;;;0.000000279;2.91E-10;;
5.4999;-3.32E-10;56.264768;0.999999;2.72E-07;56.264768;;;0.000521536;;;0.000000272;3.32E-10;;
4.9999;-3.26E-10;56.414596;1;2.63E-07;56.414596;;;0.000512835;;;0.000000263;3.26E-10;;
4.4999;-3.52E-10;56.564415;1;2.53E-07;56.564415;;;0.000502991;;;0.000000253;3.52E-10;;
4;-3.68E-10;56.714479;1;2.47E-07;56.714479;;;0.000496991;;;0.000000247;3.68E-10;;
3.4999;-3.58E-10;56.864418;1;2.39E-07;56.864418;;;0.000488876;;;0.000000239;3.58E-10;;
3;-3.91E-10;57.026483;0.999999;2.34E-07;57.026483;;;0.000483735;;;0.000000234;3.91E-10;;
2.5;-4.03E-10;57.176457;1;2.29E-07;57.176457;;;0.000478539;;;0.000000229;4.03E-10;;
2;-3.81E-10;57.326381;1;2.23E-07;57.326381;;;0.000472229;;;0.000000223;3.81E-10;;
1.5;-3.98E-10;57.502018;1;2.16E-07;57.502018;;;0.000464758;;;0.000000216;3.98E-10;;
0.9999;-3.98E-10;57.652029;1;2.16E-07;57.652029;;;0.000464758;;;0.000000216;3.98E-10;;
0.4999;-4.67E-10;57.80183;0.999999;2.12E-07;57.80183;;;0.000460435;;;0.000000212;4.67E-10;;
0;-4.96E-10;57.951722;1;2.06E-07;57.951722;;;0.000453872;;;0.000000206;4.96E-10;;
-0.5;-4.51E-10;58.120026;1;2.00E-07;58.120026;;;0.000447214;;;0.0000002;4.51E-10;;
-1;-5.03E-10;58.269986;1;1.93E-07;58.269986;;;0.000439318;;;0.000000193;5.03E-10;;
-1.5001;-4.76E-10;58.419803;1;1.82E-07;58.419803;;;0.000426615;;;0.000000182;4.76E-10;;
-2.0001;-5.34E-10;58.569727;1;1.71E-07;58.569727;;;0.000413521;;;0.000000171;5.34E-10;;
-2.5;-5.56E-10;58.719784;1;1.63E-07;58.719784;;;0.000403733;;;0.000000163;5.56E-10;;
-3;-5.91E-10;58.869715;0.999999;1.52E-07;58.869715;;;0.000389872;;;0.000000152;5.91E-10;;
-3.5001;-5.72E-10;59.035911;1;1.39E-07;59.035911;;;0.000372827;;;0.000000139;5.72E-10;;
-4;-6.09E-10;59.185746;1;1.28E-07;59.185746;;;0.000357771;;;0.000000128;6.09E-10;;
-4.5001;-5.74E-10;59.335584;1;1.14E-07;59.335584;;;0.000337639;;;0.000000114;5.74E-10;;
-5.0001;-6.04E-10;59.525839;1;9.73E-08;59.525839;;;0.000311929;;;9.73E-08;6.04E-10;;
-5.5001;-5.74E-10;59.692991;1.000001;8.19E-08;59.692991;;;0.000286182;;;8.19E-08;5.74E-10;;
-6.0001;-6.53E-10;59.842883;1;6.56E-08;59.842883;;;0.000256125;;;6.56E-08;6.53E-10;;
-6.5;-6.12E-10;60.027637;0.999995;5.13E-08;60.027637;;;0.000226495;;;5.13E-08;6.12E-10;;
-7.0001;-6.61E-10;60.177501;0.999998;3.81E-08;60.177501;;;0.000195192;;;3.81E-08;6.61E-10;;
-7.5001;-6.43E-10;60.327395;0.999996;2.70E-08;60.327395;;;0.000164317;;;0.000000027;6.43E-10;;
-8.0001;-6.84E-10;60.512125;0.999997;1.90E-08;60.512125;;;0.00013784;;;0.000000019;6.84E-10;;
-8.5001;-6.61E-10;60.662084;0.999997;1.28E-08;60.662084;;;0.000113137;;;1.28E-08;6.61E-10;;
-9;-7.00E-10;60.826812;0.999998;8.48E-09;60.826812;;;9.21E-05;;;8.48E-09;7.00E-10;;
-9.5001;-6.93E-10;61.056035;0.999999;5.64E-09;61.056035;;;7.51E-05;;;5.64E-09;6.93E-10;;
-10.0001;-7.16E-10;61.232258;1;3.65E-09;61.232258;;;6.04E-05;;;3.65E-09;7.16E-10;;
-10.5001;-7.30E-10;61.408252;1;2.52E-09;61.408252;;;5.02E-05;;;2.52E-09;7.30E-10;;
-11;-7.31E-10;61.58446;1;1.64E-09;61.58446;;;4.05E-05;;;1.64E-09;7.31E-10;;
-11.5001;-7.45E-10;61.760599;1;1.17E-09;61.760599;;;3.42E-05;;;1.17E-09;7.45E-10;;
-12;-7.68E-10;61.936639;0.999999;8.05E-10;61.936639;;;2.84E-05;;;8.05E-10;7.68E-10;;
-12.5001;-7.81E-10;62.112774;1;5.82E-10;62.112774;;;2.41E-05;;;5.82E-10;7.81E-10;;
-13;-7.85E-10;62.289009;0.999999;4.22E-10;62.289009;;;2.05E-05;;;4.22E-10;7.85E-10;;
-13.5001;-7.97E-10;62.465038;0.999999;3.14E-10;62.465038;;;1.77E-05;;;3.14E-10;7.97E-10;;
-14.0001;-8.12E-10;62.6584;1;2.35E-10;62.6584;;;1.53E-05;;;2.35E-10;8.12E-10;;
-14.4999;-8.21E-10;62.834465;0.999999;1.80E-10;62.834465;;;1.34E-05;;;1.80E-10;8.21E-10;;
-15;-8.20E-10;63.041322;0.999999;1.38E-10;63.041322;;;1.17E-05;;;1.38E-10;8.20E-10;;
-15.5001;-8.36E-10;63.217643;0.999999;1.02E-10;63.217643;;;1.01E-05;;;1.02E-10;8.36E-10;;
-16.0001;-8.52E-10;63.39379;0.999999;8.34E-11;63.39379;;;9.13E-06;;;8.34E-11;8.52E-10;;
-16.5001;-8.65E-10;63.571582;1;6.34E-11;63.571582;;;7.96E-06;;;6.34E-11;8.65E-10;;
-17.0001;-8.82E-10;63.747802;0.999999;5.02E-11;63.747802;;;7.09E-06;;;5.02E-11;8.82E-10;;
-17.5001;-8.94E-10;63.923971;1;3.95E-11;63.923971;;;6.28E-06;;;3.95E-11;8.94E-10;;
-18;-9.07E-10;64.100211;1;3.32E-11;64.100211;;;5.76E-06;;;3.32E-11;9.07E-10;;
-18.5001;-9.20E-10;64.276537;1;2.78E-11;64.276537;;;5.27E-06;;;2.78E-11;9.20E-10;;
-19;-9.25E-10;64.45275;0.999999;1.91E-11;64.45275;;;4.37E-06;;;1.91E-11;9.25E-10;;
-19.5001;-9.38E-10;64.629001;1;1.57E-11;64.629001;;;3.96E-06;;;1.57E-11;9.38E-10;;
-20.0001;-9.62E-10;64.805148;1;1.64E-11;64.805148;;;4.05E-06;;;1.64E-11;9.62E-10;;
-20.5001;-9.71E-10;64.981298;1;1.31E-11;64.981298;;;3.62E-06;;;1.31E-11;9.71E-10;;
-21.0001;-9.69E-10;65.165588;1;8.66E-12;65.165588;;;2.94E-06;;;8.66E-12;9.69E-10;;
-21.5;-9.80E-10;65.341831;1;7.98E-12;65.341831;;;2.82E-06;;;7.98E-12;9.80E-10;;
-22;-9.91E-10;65.549036;0.999999;7.12E-12;65.549036;;;2.67E-06;;;7.12E-12;9.91E-10;;
-22.5001;-1.00E-09;65.725434;0.999999;4.04E-12;65.725434;;;2.01E-06;;;4.04E-12;0.000000001;;
-23.0001;-1.02E-09;65.901777;1;4.93E-12;65.901777;;;2.22E-06;;;4.93E-12;1.02E-09;;
-23.5;-1.04E-09;66.078954;1;5.35E-12;66.078954;;;2.31E-06;;;5.35E-12;1.04E-09;;
-24;-1.05E-09;66.25559;0.999999;4.25E-12;66.25559;;;2.06E-06;;;4.25E-12;1.05E-09;;
-24.5;-1.06E-09;66.431763;0.999999;4.84E-12;66.431763;;;0.0000022;;;4.84E-12;1.06E-09;;
-25;-1.07E-09;66.608051;1;5.76E-12;66.608051;;;0.0000024;;;5.76E-12;1.07E-09;;
-25.5;-1.08E-09;66.784472;1;4.99E-12;66.784472;;;2.23E-06;;;4.99E-12;1.08E-09;;
-26;-1.10E-09;66.960757;0.999999;4.89E-12;66.960757;;;2.21E-06;;;4.89E-12;1.10E-09;;
-26.5;-1.11E-09;67.138655;0.999999;3.47E-12;67.138655;;;1.86E-06;;;3.47E-12;1.11E-09;;
-27.0001;-1.12E-09;67.31499;1;5.71E-12;67.31499;;;2.39E-06;;;5.71E-12;1.12E-09;;
-27.5001;-1.12E-09;67.515937;1;6.49E-12;67.515937;;;2.55E-06;;;6.49E-12;1.12E-09;;
-28.0001;-1.14E-09;67.692312;1;4.31E-12;67.692312;;;2.08E-06;;;4.31E-12;1.14E-09;;
-28.5;-1.15E-09;67.868508;0.999999;4.37E-12;67.868508;;;2.09E-06;;;4.37E-12;1.15E-09;;
-29;-1.15E-09;68.086289;1;5.98E-12;68.086289;;;2.45E-06;;;5.98E-12;1.15E-09;;
-29.5;-1.16E-09;68.262874;0.999999;3.24E-12;68.262874;;;0.0000018;;;3.24E-12;1.16E-09;;
-30;-1.18E-09;68.439127;0.999999;4.82E-12;68.439127;;;2.20E-06;;;4.82E-12;1.18E-09;;
-30.5;-1.19E-09;68.615534;0.999999;4.68E-12;68.615534;;;2.16E-06;;;4.68E-12;1.19E-09;;
-31;-1.20E-09;68.791869;0.999999;7.00E-12;68.791869;;;2.65E-06;;;7.00E-12;1.20E-09;;
-31.5;-1.21E-09;68.968354;0.999999;5.65E-12;68.968354;;;2.38E-06;;;5.65E-12;1.21E-09;;
-32.0001;-1.23E-09;69.14635;1;5.80E-12;69.14635;;;2.41E-06;;;5.80E-12;1.23E-09;;
-32.5;-1.22E-09;69.322697;0.999999;3.82E-12;69.322697;;;1.95E-06;;;3.82E-12;1.22E-09;;
-33;-1.23E-09;69.524701;1;4.75E-12;69.524701;;;2.18E-06;;;4.75E-12;1.23E-09;;
-33.5001;-1.25E-09;69.701086;0.999999;5.42E-12;69.701086;;;2.33E-06;;;5.42E-12;1.25E-09;;
-34.0001;-1.26E-09;69.877324;1;4.95E-12;69.877324;;;2.22E-06;;;4.95E-12;1.26E-09;;
-34.5;-1.26E-09;70.094863;1;4.90E-12;70.094863;;;2.21E-06;;;4.90E-12;1.26E-09;;
-35.0001;-1.28E-09;70.271517;0.999999;4.74E-12;70.271517;;;2.18E-06;;;4.74E-12;1.28E-09;;
-35.5;-1.29E-09;70.44778;0.999999;4.08E-12;70.44778;;;2.02E-06;;;4.08E-12;1.29E-09;;
-36;-1.31E-09;70.62407;0.999999;5.50E-12;70.62407;;;2.35E-06;;;5.50E-12;1.31E-09;;
-36.5001;-1.31E-09;70.800511;1;5.23E-12;70.800511;;;2.29E-06;;;5.23E-12;1.31E-09;;
-37.0001;-1.33E-09;70.976941;0.999999;5.18E-12;70.976941;;;2.28E-06;;;5.18E-12;1.33E-09;;
-37.5001;-1.33E-09;71.154061;1;4.10E-12;71.154061;;;2.02E-06;;;4.10E-12;1.33E-09;;
-38.0001;-1.35E-09;71.330422;1;5.93E-12;71.330422;;;2.44E-06;;;5.93E-12;1.35E-09;;
-38.5;-1.36E-09;71.529439;1;4.96E-12;71.529439;;;2.23E-06;;;4.96E-12;1.36E-09;;
-39.0001;-1.37E-09;71.705902;1;6.34E-12;71.705902;;;2.52E-06;;;6.34E-12;1.37E-09;;
-39.5;-1.38E-09;71.882322;1;2.79E-12;71.882322;;;1.67E-06;;;2.79E-12;1.38E-09;;
-40.0001;-1.38E-09;72.095588;1;3.03E-12;72.095588;;;1.74E-06;;;3.03E-12;1.38E-09;;
-40.5;-1.40E-09;72.272306;1;5.88E-12;72.272306;;;2.42E-06;;;5.88E-12;1.40E-09;;
-41;-1.43E-09;72.448743;0.999999;4.99E-12;72.448743;;;2.23E-06;;;4.99E-12;1.43E-09;;
-41.5001;-1.42E-09;72.625223;0.999999;3.01E-12;72.625223;;;1.73E-06;;;3.01E-12;1.42E-09;;
-42.0001;-1.43E-09;72.801827;0.999999;4.68E-12;72.801827;;;2.16E-06;;;4.68E-12;1.43E-09;;
-42.5001;-1.46E-09;72.978299;0.999999;7.26E-12;72.978299;;;2.69E-06;;;7.26E-12;1.46E-09;;
-43.0001;-1.46E-09;73.156849;1;5.13E-12;73.156849;;;2.26E-06;;;5.13E-12;1.46E-09;;
-43.5001;-1.48E-09;73.333321;1;7.31E-12;73.333321;;;2.70E-06;;;7.31E-12;1.48E-09;;
-44.0001;-1.48E-09;73.509751;0.999999;5.14E-12;73.509751;;;2.27E-06;;;5.14E-12;1.48E-09;;
-44.5;-1.48E-09;73.693484;1.000001;3.82E-12;73.693484;;;1.95E-06;;;3.82E-12;1.48E-09;;
-45.0001;-1.51E-09;73.869907;0.999999;4.78E-12;73.869907;;;2.19E-06;;;4.78E-12;1.51E-09;;
-45.5001;-1.51E-09;74.076337;0.999999;6.19E-12;74.076337;;;2.49E-06;;;6.19E-12;1.51E-09;;
-46;-1.53E-09;74.253047;1;5.03E-12;74.253047;;;2.24E-06;;;5.03E-12;1.53E-09;;
-46.5001;-1.54E-09;74.429486;0.999999;4.47E-12;74.429486;;;2.11E-06;;;4.47E-12;1.54E-09;;
-47.0001;-1.55E-09;74.606633;1;7.50E-12;74.606633;;;2.74E-06;;;7.50E-12;1.55E-09;;
-47.5001;-1.55E-09;74.783162;0.999999;4.88E-12;74.783162;;;2.21E-06;;;4.88E-12;1.55E-09;;
-48;-1.56E-09;74.959742;0.999999;4.92E-12;74.959742;;;2.22E-06;;;4.92E-12;1.56E-09;;
-48.5001;-1.58E-09;75.136305;1.000001;4.32E-12;75.136305;;;2.08E-06;;;4.32E-12;1.58E-09;;
-49;-1.59E-09;75.312896;1;3.56E-12;75.312896;;;1.89E-06;;;3.56E-12;1.59E-09;;
-49.5;-1.61E-09;75.489399;0.999999;4.56E-12;75.489399;;;2.14E-06;;;4.56E-12;1.61E-09;;
-50;-1.61E-09;75.667014;0.999999;4.71E-12;75.667014;;;2.17E-06;;;4.71E-12;1.61E-09;;
-50.5;-1.62E-09;75.843571;0.999999;2.94E-12;75.843571;;;1.71E-06;;;2.94E-12;1.62E-09;;
-51;-1.62E-09;76.042358;1;4.46E-12;76.042358;;;2.11E-06;;;4.46E-12;1.62E-09;;
-51.5;-1.64E-09;76.218932;0.999999;4.23E-12;76.218932;;;2.06E-06;;;4.23E-12;1.64E-09;;
-52.0001;-1.67E-09;76.395477;0.999999;7.73E-12;76.395477;;;2.78E-06;;;7.73E-12;1.67E-09;;
-52.5001;-1.65E-09;76.609133;1;4.74E-12;76.609133;;;2.18E-06;;;4.74E-12;1.65E-09;;
-53.0001;-1.67E-09;76.785719;1;3.89E-12;76.785719;;;1.97E-06;;;3.89E-12;1.67E-09;;
-53.5;-1.68E-09;76.962364;0.999999;4.70E-12;76.962364;;;2.17E-06;;;4.70E-12;1.68E-09;;
-54.0001;-1.69E-09;77.138947;1;3.61E-12;77.138947;;;0.0000019;;;3.61E-12;1.69E-09;;
-54.5;-1.71E-09;77.315634;1;4.91E-12;77.315634;;;2.22E-06;;;4.91E-12;1.71E-09;;
-55.0001;-1.72E-09;77.492127;0.999999;6.51E-12;77.492127;;;2.55E-06;;;6.51E-12;1.72E-09;;
-55.5;-1.73E-09;77.669078;1;4.70E-12;77.669078;;;2.17E-06;;;4.70E-12;1.73E-09;;
-56;-1.74E-09;77.845645;0.999999;3.58E-12;77.845645;;;1.89E-06;;;3.58E-12;1.74E-09;;
-56.5001;-1.75E-09;78.022303;0.999999;7.06E-12;78.022303;;;2.66E-06;;;7.06E-12;1.75E-09;;
-57.0001;-1.76E-09;78.206599;0.999999;7.98E-12;78.206599;;;2.82E-06;;;7.98E-12;1.76E-09;;
-57.5001;-1.77E-09;78.383246;0.999999;5.55E-12;78.383246;;;2.36E-06;;;5.55E-12;1.77E-09;;
-58.0001;-1.77E-09;78.589859;1;6.24E-12;78.589859;;;2.50E-06;;;6.24E-12;1.77E-09;;
-58.5;-1.79E-09;78.766585;0.999999;8.12E-12;78.766585;;;2.85E-06;;;8.12E-12;1.79E-09;;
-59;-1.80E-09;78.943201;0.999999;4.90E-12;78.943201;;;2.21E-06;;;4.90E-12;1.80E-09;;
-59.5001;-1.80E-09;79.119933;1;5.41E-12;79.119933;;;2.33E-06;;;5.41E-12;1.80E-09;;
-60;-1.81E-09;79.296746;1;5.02E-12;79.296746;;;2.24E-06;;;5.02E-12;1.81E-09;;
