Time (s)	|IDrain| (A)	|IGate| (A)	Vdrain(V)	Vgate(V)	Photocurrent
0.0	1.413e-05	3.393e-10	-10.0	-2.5	6.395274296145993e-08
1.0	1.4128e-05	1.8037e-10	-10.0	-2.5	6.046784359157969e-08
1.5	1.413e-05	1.4604e-10	-10.0	-2.5	6.17261642989478e-08
2.0	1.4129e-05	1.2349e-10	-10.0	-2.5	5.998499860118445e-08
2.5	1.4129e-05	1.1237e-10	-10.0	-2.5	5.924434649829501e-08
3.0	1.4127e-05	1.0583e-10	-10.0	-2.5	5.6504207990277995e-08
3.5	1.4128e-05	1.0371e-10	-10.0	-2.5	5.6764583077129115e-08
4.0	1.413e-05	1.0493e-10	-10.0	-2.5	5.802547175885415e-08
4.5	1.4129e-05	1.0767e-10	-10.0	-2.5	5.628687403544772e-08
5.0	1.413e-05	1.1071e-10	-10.0	-2.5	5.65487899069157e-08
5.501	1.4131e-05	1.147e-10	-10.0	-2.5	5.680974474680927e-08
6.0	1.4132e-05	1.1909e-10	-10.0	-2.5	5.707416243446345e-08
6.5	1.4134e-05	1.2236e-10	-10.0	-2.5	5.833761909054541e-08
7.0	1.4134e-05	1.2715e-10	-10.0	-2.5	5.76015893414964e-08
7.5	1.4131e-05	1.3131e-10	-10.0	-2.5	5.3866073187321006e-08
8.0	1.4133e-05	1.3565e-10	-10.0	-2.5	5.5131070628014746e-08
8.5	1.4133e-05	1.3948e-10	-10.0	-2.5	5.4396581663580907e-08
9.0	1.4134e-05	1.4325e-10	-10.0	-2.5	5.466260629401929e-08
9.5	1.4133e-05	1.4579e-10	-10.0	-2.5	5.29291445193284e-08
10.0	1.4134e-05	1.4827e-10	-10.0	-2.5	5.3196196339510226e-08
10.5	1.4135e-05	1.5037e-10	-10.0	-2.5	5.346376175456039e-08
11.0	1.4133e-05	1.5289e-10	-10.0	-2.5	5.073184076448417e-08
11.5	1.4134e-05	1.5499e-10	-10.0	-2.5	5.1000433369279474e-08
12.0	1.4135e-05	1.5722e-10	-10.0	-2.5	5.126953956894481e-08
12.5	1.4135e-05	1.584e-10	-10.0	-2.5	5.053915936348137e-08
13.0	1.4134e-05	1.5988e-10	-10.0	-2.5	4.8809292752890844e-08
13.5	1.4134e-05	1.6118e-10	-10.0	-2.5	4.8079939737172544e-08
14.0	1.4136e-05	1.6369e-10	-10.0	-2.5	4.935110031632188e-08
14.5	1.4136e-05	1.6557e-10	-10.0	-2.5	4.8622774490345334e-08
15.0	1.4139e-05	1.6581e-10	-10.0	-2.5	5.089496225924031e-08
15.5	1.4138e-05	1.674e-10	-10.0	-2.5	4.916766362300671e-08
16.0	1.4139e-05	1.679e-10	-10.0	-2.5	4.9440878581642444e-08
16.5	1.4138e-05	1.6756e-10	-10.0	-2.5	4.771460713515229e-08
17.0	1.4139e-05	1.6895e-10	-10.0	-2.5	4.7988849283529776e-08
17.5	1.4139e-05	1.686e-10	-10.0	-2.5	4.7263605026781874e-08
18.0	1.414e-05	1.7004e-10	-10.0	-2.5	4.75388743649045e-08
18.5	1.4141e-05	1.7062e-10	-10.0	-2.5	4.781465729789885e-08
19.0	1.4142e-05	1.7085e-10	-10.0	-2.5	4.809095382576323e-08
19.5	1.4143e-05	1.7113e-10	-10.0	-2.5	4.836776394850102e-08
20.0	1.4142e-05	1.7181e-10	-10.0	-2.5	4.664508766610785e-08
20.5	1.4142e-05	1.7236e-10	-10.0	-2.5	4.59229249785869e-08
21.0	1.4143e-05	1.725e-10	-10.0	-2.5	4.620127588593817e-08
21.5	1.4144e-05	1.7356e-10	-10.0	-2.5	4.648014038816117e-08
22.0	1.4144e-05	1.7328e-10	-10.0	-2.5	4.575951848525539e-08
22.5	1.4144e-05	1.7428e-10	-10.0	-2.5	4.503941017721964e-08
23.0	1.4144e-05	1.7342e-10	-10.0	-2.5	4.431981546405561e-08
23.5	1.4144e-05	1.7469e-10	-10.0	-2.5	4.3600734345763305e-08
24.0	1.4145e-05	1.7478e-10	-10.0	-2.5	4.388216682234153e-08
24.5	1.4146e-05	1.7453e-10	-10.0	-2.5	4.416411289379317e-08
25.0	1.4147e-05	1.7495e-10	-10.0	-2.5	4.444657256011484e-08
25.5	1.4144e-05	1.7535e-10	-10.0	-2.5	4.072954582130793e-08
26.0	1.4147e-05	1.758e-10	-10.0	-2.5	4.3013032677372354e-08
26.5	1.4145e-05	1.753e-10	-10.0	-2.5	4.02970331283077e-08
27.0	1.4148e-05	1.7582e-10	-10.0	-2.5	4.2581547174115565e-08
27.5	1.4147e-05	1.7826e-10	-10.0	-2.5	4.0866574814794855e-08
28.0	1.4149e-05	1.77e-10	-10.0	-2.5	4.2152116050343975e-08
28.5	1.415e-05	1.7819e-10	-10.0	-2.5	4.2438170880766015e-08
29.0	1.4149e-05	1.7882e-10	-10.0	-2.5	4.072473930605878e-08
29.5	1.4148e-05	1.7944e-10	-10.0	-2.5	3.901182132622327e-08
30.0	1.415e-05	1.7953e-10	-10.0	-2.5	4.029941694125759e-08
30.5	1.4151e-05	1.7969e-10	-10.0	-2.5	4.058752615116483e-08
31.0	1.4152e-05	1.7866e-10	-10.0	-2.5	4.08761489559421e-08
31.5	1.4152e-05	1.7825e-10	-10.0	-2.5	4.0165285355592284e-08
32.0	1.4153e-05	1.7863e-10	-10.0	-2.5	4.045493535011469e-08
32.5	1.4156e-05	1.7929e-10	-10.0	-2.5	4.2745098939506434e-08
33.0	1.4152e-05	1.7917e-10	-10.0	-2.5	3.8035776123769796e-08
33.5	1.4153e-05	1.7994e-10	-10.0	-2.5	3.832696690290568e-08
34.0	1.4152e-05	1.7978e-10	-10.0	-2.5	3.661867127691229e-08
34.5	1.415e-05	1.8004e-10	-10.0	-2.5	3.391088924579013e-08
35.0	1.415e-05	1.8129e-10	-10.0	-2.5	3.320362080953899e-08
35.5	1.4153e-05	1.8132e-10	-10.0	-2.5	3.549686596815938e-08
36.0	1.4154e-05	1.8081e-10	-10.0	-2.5	3.5790624721652184e-08
36.5	1.4156e-05	1.8144e-10	-10.0	-2.5	3.708489707001552e-08
37.0	1.4156e-05	1.8107e-10	-10.0	-2.5	3.637968301324958e-08
37.5	1.4155e-05	1.8079e-10	-10.0	-2.5	3.467498255135487e-08
38.0	1.4158e-05	1.8192e-10	-10.0	-2.5	3.6970795684335565e-08
38.5	1.4157e-05	1.8276e-10	-10.0	-2.5	3.5267122412182604e-08
39.0	1.4158e-05	1.8296e-10	-10.0	-2.5	3.556396273490406e-08
39.5	1.4156e-05	1.8319e-10	-10.0	-2.5	3.2861316652494044e-08
40.0	1.4157e-05	1.8283e-10	-10.0	-2.5	3.3159184164958944e-08
40.5	1.4157e-05	1.8402e-10	-10.0	-2.5	3.2457565272293374e-08
41.0	1.4156e-05	1.8408e-10	-10.0	-2.5	3.0756459974497335e-08
41.5	1.4158e-05	1.8379e-10	-10.0	-2.5	3.205586827157621e-08
42.0	1.4157e-05	1.8411e-10	-10.0	-2.5	3.035579016352362e-08
42.5	1.4158e-05	1.8437e-10	-10.0	-2.5	3.065622565034544e-08
43.0	1.416e-05	1.8481e-10	-10.0	-2.5	3.19571747320361e-08
43.5	1.4163e-05	1.8393e-10	-10.0	-2.5	3.425863740859728e-08
44.0	1.4163e-05	1.8469e-10	-10.0	-2.5	3.356061368003208e-08
44.5	1.4161e-05	1.8376e-10	-10.0	-2.5	3.086310354633761e-08
45.0	1.416e-05	1.837e-10	-10.0	-2.5	2.916610700751366e-08
45.5	1.4163e-05	1.8386e-10	-10.0	-2.5	3.146962406356174e-08
46.0	1.4161e-05	1.832e-10	-10.0	-2.5	2.8773654714482435e-08
46.5	1.4161e-05	1.8415e-10	-10.0	-2.5	2.8078198960274157e-08
47.0	1.4162e-05	1.8465e-10	-10.0	-2.5	2.8383256800934713e-08
47.5	1.4161e-05	1.8519e-10	-10.0	-2.5	2.6688828236469384e-08
48.0	1.4164e-05	1.8516e-10	-10.0	-2.5	2.8994913266874384e-08
48.5	1.4163e-05	1.855e-10	-10.0	-2.5	2.7301511892150807e-08
49.0	1.4163e-05	1.8608e-10	-10.0	-2.5	2.6608624112297758e-08
49.5	1.4164e-05	1.8501e-10	-10.0	-2.5	2.6916249927318625e-08
50.0	1.4164e-05	1.8543e-10	-10.0	-2.5	2.6224389337209023e-08
50.5	1.4167e-05	1.8468e-10	-10.0	-2.5	2.8533042341970946e-08
51.0	1.4166e-05	1.8462e-10	-10.0	-2.5	2.6842208941602597e-08
51.5	1.417e-05	1.8502e-10	-10.0	-2.5	3.0151889136108466e-08
52.0	1.4168e-05	1.8593e-10	-10.0	-2.5	2.746208292548476e-08
52.5	1.4171e-05	1.8582e-10	-10.0	-2.5	2.977279030973188e-08
53.0	1.4171e-05	1.856e-10	-10.0	-2.5	2.9084011288850925e-08
53.5	1.4171e-05	1.8583e-10	-10.0	-2.5	2.8395745862841692e-08
54.0	1.4171e-05	1.8685e-10	-10.0	-2.5	2.7707994031702488e-08
54.5	1.4169e-05	1.8731e-10	-10.0	-2.5	2.502075579543401e-08
55.0	1.417e-05	1.8566e-10	-10.0	-2.5	2.5334031154038752e-08
55.5	1.4169e-05	1.8627e-10	-10.0	-2.5	2.364782010751422e-08
56.0	1.417e-05	1.8618e-10	-10.0	-2.5	2.3962122655862408e-08
56.5	1.4172e-05	1.8656e-10	-10.0	-2.5	2.527693879907943e-08
57.0	1.4171e-05	1.8693e-10	-10.0	-2.5	2.3592268537170067e-08
57.5	1.4173e-05	1.8693e-10	-10.0	-2.5	2.490811187013223e-08
58.0	1.4173e-05	1.8746e-10	-10.0	-2.5	2.4224468797963425e-08
58.5	1.4174e-05	1.8694e-10	-10.0	-2.5	2.4541339320668535e-08
59.0	1.4172e-05	1.8756e-10	-10.0	-2.5	2.185872343824218e-08
59.5	1.4173e-05	1.8689e-10	-10.0	-2.5	2.2176621150690737e-08
60.0	1.4175e-05	1.8748e-10	-10.0	-2.5	2.3495032458009822e-08
60.5	1.4177e-05	1.8761e-10	-10.0	-2.5	2.4813957360197243e-08
61.0	1.4178e-05	1.8754e-10	-10.0	-2.5	2.5133395857259276e-08
61.5	1.4177e-05	1.8811e-10	-10.0	-2.5	2.345334794919034e-08
62.0	1.4177e-05	1.8814e-10	-10.0	-2.5	2.277381363599363e-08
62.5	1.4177e-05	1.8829e-10	-10.0	-2.5	2.209479291766864e-08
63.0	1.4177e-05	1.882e-10	-10.0	-2.5	2.1416285794215374e-08
63.5	1.4176e-05	1.8987e-10	-10.0	-2.5	1.9738292265633332e-08
64.0	1.4178e-05	1.8938e-10	-10.0	-2.5	2.1060812331922816e-08
64.5	1.4178e-05	1.8965e-10	-10.0	-2.5	2.0383845993083026e-08
65.0	1.4176e-05	1.9041e-10	-10.0	-2.5	1.7707393249113962e-08
65.5	1.4177e-05	1.8996e-10	-10.0	-2.5	1.8031454100018117e-08
66.0	1.4176e-05	1.8964e-10	-10.0	-2.5	1.6356028545791304e-08
66.5	1.4179e-05	1.8996e-10	-10.0	-2.5	1.868111658643821e-08
67.0	1.418e-05	1.8965e-10	-10.0	-2.5	1.900671822195584e-08
67.5	1.4182e-05	1.909e-10	-10.0	-2.5	2.0332833452345694e-08
68.0	1.4183e-05	1.908e-10	-10.0	-2.5	2.0659462277605078e-08
68.5	1.4181e-05	1.9107e-10	-10.0	-2.5	1.7986604697736383e-08
69.0	1.4181e-05	1.9143e-10	-10.0	-2.5	1.7314260712738715e-08
69.5	1.4182e-05	1.9182e-10	-10.0	-2.5	1.7642430322613268e-08
70.0	1.4182e-05	1.9246e-10	-10.0	-2.5	1.6971113527359047e-08
70.5	1.418e-05	1.9309e-10	-10.0	-2.5	1.4300310326975551e-08
71.0	1.418e-05	1.9243e-10	-10.0	-2.5	1.3630020721463082e-08
71.5	1.4182e-05	1.9337e-10	-10.0	-2.5	1.4960244710825028e-08
72.0	1.4183e-05	1.9419e-10	-10.0	-2.5	1.529098229505481e-08
72.5	1.4181e-05	1.9475e-10	-10.0	-2.5	1.2622233474158208e-08
73.0	1.4183e-05	1.9412e-10	-10.0	-2.5	1.3953998248130242e-08
73.5	1.4183e-05	1.9387e-10	-10.0	-2.5	1.328627661697639e-08
74.0	1.4182e-05	1.9426e-10	-10.0	-2.5	1.1619068580693762e-08
74.5	1.4183e-05	1.9316e-10	-10.0	-2.5	1.1952374139280467e-08
75.0	1.4185e-05	1.9419e-10	-10.0	-2.5	1.3286193292741088e-08
75.5	1.4186e-05	1.9468e-10	-10.0	-2.5	1.3620526041071239e-08
76.0	1.4185e-05	1.9556e-10	-10.0	-2.5	1.195537238427381e-08
76.5	1.4186e-05	1.9488e-10	-10.0	-2.5	1.2290732322345715e-08
77.0	1.4187e-05	1.9451e-10	-10.0	-2.5	1.2626605855291036e-08
77.5	1.4187e-05	1.9475e-10	-10.0	-2.5	1.1962992983107583e-08
78.0	1.4186e-05	1.9454e-10	-10.0	-2.5	1.0299893705795354e-08
78.5	1.4187e-05	1.9486e-10	-10.0	-2.5	1.0637308023354151e-08
79.0	1.4188e-05	1.9471e-10	-10.0	-2.5	1.0975235935784672e-08
79.5	1.4188e-05	1.9466e-10	-10.0	-2.5	1.0313677443086417e-08
80.0	1.4191e-05	1.9469e-10	-10.0	-2.5	1.2652632545259688e-08
80.5	1.4192e-05	1.9482e-10	-10.0	-2.5	1.2992101242305379e-08
81.0	1.4189e-05	1.9438e-10	-10.0	-2.5	9.332083534219104e-09
81.5	1.419e-05	1.9493e-10	-10.0	-2.5	9.672579421006548e-09
82.0	1.4191e-05	1.9438e-10	-10.0	-2.5	1.0013588902665714e-08
82.5	1.4191e-05	1.9532e-10	-10.0	-2.5	9.355111979196106e-09
83.0	1.4193e-05	1.9519e-10	-10.0	-2.5	1.069714865059583e-08
83.5	1.4191e-05	1.9577e-10	-10.0	-2.5	8.039698916870365e-09
84.0	1.419e-05	1.9593e-10	-10.0	-2.5	6.382762778013733e-09
84.5	1.4192e-05	1.9594e-10	-10.0	-2.5	7.726340234030321e-09
85.0	1.4193e-05	1.9579e-10	-10.0	-2.5	8.070431284914746e-09
85.5	1.4193e-05	1.9522e-10	-10.0	-2.5	7.415035930673783e-09
86.0	1.4194e-05	1.9666e-10	-10.0	-2.5	7.760154171303348e-09
86.5	1.4192e-05	1.96e-10	-10.0	-2.5	5.105786006804835e-09
87.0	1.4194e-05	1.9583e-10	-10.0	-2.5	6.451931437176652e-09
87.5	1.4194e-05	1.96e-10	-10.0	-2.5	5.798590462420888e-09
88.0	1.4195e-05	1.9598e-10	-10.0	-2.5	6.145763082537347e-09
88.5	1.4196e-05	1.9597e-10	-10.0	-2.5	6.493449297522141e-09
89.0	1.4196e-05	1.9676e-10	-10.0	-2.5	5.841649107379853e-09
89.5	1.4198e-05	1.964e-10	-10.0	-2.5	7.1903625121102864e-09
90.0	1.4198e-05	1.9708e-10	-10.0	-2.5	6.5395895117097516e-09
90.5	1.4196e-05	1.9701e-10	-10.0	-2.5	3.889330106181637e-09
91.0	1.4197e-05	1.9676e-10	-10.0	-2.5	4.239584295525047e-09
91.5	1.4199e-05	1.9711e-10	-10.0	-2.5	5.59035207974068e-09
92.0	1.4199e-05	1.9822e-10	-10.0	-2.5	4.941633458827038e-09
92.5	1.4198e-05	1.9806e-10	-10.0	-2.5	3.2934284327846213e-09
93.0	1.4198e-05	1.9787e-10	-10.0	-2.5	2.6457370016127324e-09
93.5	1.42e-05	1.9846e-10	-10.0	-2.5	3.99855916531187e-09
94.0	1.42e-05	1.9822e-10	-10.0	-2.5	3.3518949238834278e-09
94.5	1.42e-05	1.9842e-10	-10.0	-2.5	2.705744277326709e-09
95.0	1.4203e-05	1.9886e-10	-10.0	-2.5	5.060107225641515e-09
95.5	1.4203e-05	1.9755e-10	-10.0	-2.5	4.414983768826549e-09
96.0	1.4203e-05	1.98e-10	-10.0	-2.5	3.770373906885e-09
96.5	1.4203e-05	1.9902e-10	-10.0	-2.5	3.12627763981348e-09
97.0	1.4202e-05	1.9852e-10	-10.0	-2.5	1.4826949676131852e-09
97.5	1.4204e-05	1.9948e-10	-10.0	-2.5	2.8396258902844154e-09
98.0	1.4203e-05	2.0037e-10	-10.0	-2.5	1.197070407825873e-09
98.5	1.4204e-05	1.9986e-10	-10.0	-2.5	1.5550285202417454e-09
99.0	1.4202e-05	1.9973e-10	-10.0	-2.5	-1.086499772473849e-09
99.5	1.4203e-05	1.987e-10	-10.0	-2.5	-7.275144703179181e-10
100.0	1.4203e-05	1.9907e-10	-10.0	-2.5	-1.3680155732890685e-09
100.5	1.4203e-05	1.995e-10	-10.0	-2.5	-2.0080030813901897e-09
101.0	1.4207e-05	1.9999e-10	-10.0	-2.5	1.352523005380713e-09
101.5	1.4206e-05	1.9994e-10	-10.0	-2.5	-2.864373129774601e-10
102.0	1.4206e-05	2.0046e-10	-10.0	-2.5	-9.248840364634112e-10
102.5	1.4206e-05	2.0035e-10	-10.0	-2.5	-1.562817165077639e-09
103.0	1.4205e-05	2.0042e-10	-10.0	-2.5	-3.200236698820642e-09
103.5	1.4208e-05	2.0029e-10	-10.0	-2.5	-8.371426376933155e-10
104.0	1.4206e-05	2.0072e-10	-10.0	-2.5	-3.4735349816950647e-09
104.5	1.4209e-05	2.0129e-10	-10.0	-2.5	-1.1094137308225973e-09
105.0	1.4206e-05	2.0039e-10	-10.0	-2.5	-4.7447788850830925e-09
105.5	1.4209e-05	2.0159e-10	-10.0	-2.5	-2.3796304444671784e-09
106.0	1.4208e-05	2.0167e-10	-10.0	-2.5	-4.01396840898323e-09
106.5	1.421e-05	2.0132e-10	-10.0	-2.5	-2.6477927786277557e-09
107.0	1.421e-05	2.0181e-10	-10.0	-2.5	-3.2811035534015558e-09
107.5	1.4211e-05	2.0194e-10	-10.0	-2.5	-2.9139007333014397e-09
108.0	1.4209e-05	2.0168e-10	-10.0	-2.5	-5.546184318331096e-09
108.5	1.4211e-05	2.0144e-10	-10.0	-2.5	-4.177954308490423e-09
109.0	1.4212e-05	2.0251e-10	-10.0	-2.5	-3.809210703776831e-09
109.5	1.4211e-05	2.0196e-10	-10.0	-2.5	-5.439953504192513e-09
110.0	1.4211e-05	2.0241e-10	-10.0	-2.5	-6.070182709737667e-09
110.5	1.421e-05	2.0316e-10	-10.0	-2.5	-7.699898320411597e-09
111.0	1.4211e-05	2.0302e-10	-10.0	-2.5	-7.329100336212805e-09
111.5	1.4212e-05	2.0278e-10	-10.0	-2.5	-6.957788757142291e-09
112.0	1.4214e-05	2.0257e-10	-10.0	-2.5	-5.585963583201248e-09
112.5	1.4213e-05	2.0357e-10	-10.0	-2.5	-7.2136248143899785e-09
113.0	1.4213e-05	2.037e-10	-10.0	-2.5	-7.840772450704793e-09
113.5	1.4215e-05	2.0381e-10	-10.0	-2.5	-6.46740649214858e-09
114.0	1.4216e-05	2.026e-10	-10.0	-2.5	-6.093526938722837e-09
114.5	1.4215e-05	2.005e-10	-10.0	-2.5	-7.719133790424674e-09
115.0	1.4214e-05	2.0362e-10	-10.0	-2.5	-9.344227047256481e-09
115.5	1.4215e-05	2.0393e-10	-10.0	-2.5	-8.968806709213874e-09
116.0	1.4217e-05	2.0429e-10	-10.0	-2.5	-7.592872776302433e-09
116.5	1.4216e-05	2.0446e-10	-10.0	-2.5	-9.21642524851907e-09
117.0	1.4218e-05	2.0418e-10	-10.0	-2.5	-7.839464125864183e-09
117.5	1.4219e-05	2.0475e-10	-10.0	-2.5	-7.46198940833807e-09
118.0	1.4218e-05	2.0532e-10	-10.0	-2.5	-9.084001095941232e-09
118.5	1.4217e-05	2.0477e-10	-10.0	-2.5	-1.070549918867267e-08
119.0	1.422e-05	6.1219e-11	-10.0	-2.5	-8.326483686532085e-09
119.5	1.4223e-05	5.7188e-11	-10.0	-2.5	-5.946954589519776e-09
120.0	1.4226e-05	4.5277e-11	-10.0	-2.5	-3.566911897635744e-09
120.5	1.4232e-05	3.5323e-11	-10.0	-2.5	1.8136443891181195e-09
121.0	1.4237e-05	2.3367e-11	-10.0	-2.5	6.1947142707432075e-09
121.5	1.4242e-05	1.6835e-11	-10.0	-2.5	1.0576297747241713e-08
122.0	1.4243e-05	8.1611e-12	-10.0	-2.5	1.0958394818611641e-08
122.5	1.4248e-05	1.837e-12	-10.0	-2.5	1.5341005484850205e-08
123.0	1.4249e-05	1.7703e-12	-10.0	-2.5	1.5724129745961886e-08
123.5	1.4252e-05	5.7817e-12	-10.0	-2.5	1.8107767601944594e-08
124.0	1.4254e-05	9.898e-12	-10.0	-2.5	1.9491919052798526e-08
124.5	1.4259e-05	1.2333e-11	-10.0	-2.5	2.3876584098523983e-08
125.0	1.4262e-05	1.5614e-11	-10.0	-2.5	2.6261762739120166e-08
125.5	1.4265e-05	1.8362e-11	-10.0	-2.5	2.8647454974588073e-08
126.0	1.4267e-05	1.9959e-11	-10.0	-2.5	3.00336608049289e-08
126.5	1.4271e-05	2.1919e-11	-10.0	-2.5	3.3420380230139056e-08
127.0	1.4275e-05	2.4333e-11	-10.0	-2.5	3.680761325022263e-08
127.5	1.4279e-05	2.5997e-11	-10.0	-2.5	4.0195359865176236e-08
128.0	1.4281e-05	2.7809e-11	-10.0	-2.5	4.158362007500057e-08
128.5	1.4282e-05	2.7671e-11	-10.0	-2.5	4.1972393879697816e-08
129.0	1.4287e-05	3.122e-11	-10.0	-2.5	4.6361681279265396e-08
129.5	1.429e-05	3.2955e-11	-10.0	-2.5	4.8751482273705395e-08
130.0	1.4292e-05	3.4759e-11	-10.0	-2.5	5.0141796863014925e-08
130.5	1.4295e-05	3.6039e-11	-10.0	-2.5	5.2532625047196677e-08
131.0	1.4294e-05	3.6515e-11	-10.0	-2.5	5.0923966826251545e-08
131.5	1.4297e-05	3.7228e-11	-10.0	-2.5	5.3315822200176744e-08
132.0	1.4299e-05	3.8092e-11	-10.0	-2.5	5.470819116897147e-08
132.5	1.43e-05	3.8154e-11	-10.0	-2.5	5.510107373263912e-08
133.0	1.4302e-05	3.9049e-11	-10.0	-2.5	5.64944698911773e-08
133.5	1.4303e-05	4.0479e-11	-10.0	-2.5	5.688837964458839e-08
134.0	1.4307e-05	4.075e-11	-10.0	-2.5	6.028280299287101e-08
134.5	1.4311e-05	4.1882e-11	-10.0	-2.5	6.367773993602366e-08
135.0	1.4313e-05	4.3318e-11	-10.0	-2.5	6.507319047404704e-08
135.5	1.4312e-05	4.4154e-11	-10.0	-2.5	6.346915460694233e-08
136.0	1.4314e-05	4.5193e-11	-10.0	-2.5	6.486563233471085e-08
136.5	1.4316e-05	4.5171e-11	-10.0	-2.5	6.626262365734939e-08
137.0	1.4318e-05	4.6186e-11	-10.0	-2.5	6.766012857485966e-08
137.5	1.4318e-05	4.7084e-11	-10.0	-2.5	6.705814708724066e-08
138.0	1.432e-05	4.744e-11	-10.0	-2.5	6.845667919449268e-08
138.5	1.4321e-05	4.8633e-11	-10.0	-2.5	6.885572489661762e-08
139.0	1.4322e-05	4.9196e-11	-10.0	-2.5	6.925528419361089e-08
139.5	1.4323e-05	4.8562e-11	-10.0	-2.5	6.965535708547928e-08
140.0	1.4325e-05	4.9776e-11	-10.0	-2.5	7.10559435722165e-08
140.5	1.4323e-05	5.1283e-11	-10.0	-2.5	6.845704365382684e-08
141.0	1.4324e-05	5.1574e-11	-10.0	-2.5	6.88586573303087e-08
141.5	1.4326e-05	5.2602e-11	-10.0	-2.5	7.02607846016594e-08
142.0	1.4326e-05	5.3843e-11	-10.0	-2.5	6.966342546788251e-08
142.5	1.4327e-05	5.5416e-11	-10.0	-2.5	7.006657992897954e-08
143.0	1.4327e-05	5.6688e-11	-10.0	-2.5	6.947024798494441e-08
143.5	1.433e-05	5.7133e-11	-10.0	-2.5	7.18744296357825e-08
144.0	1.433e-05	5.7644e-11	-10.0	-2.5	7.127912488149251e-08
144.5	1.4329e-05	5.8385e-11	-10.0	-2.5	6.968433372207205e-08
145.0	1.4331e-05	5.8078e-11	-10.0	-2.5	7.109005615752481e-08
145.5	1.4332e-05	5.8832e-11	-10.0	-2.5	7.14962921878471e-08
146.0	1.4331e-05	5.8522e-11	-10.0	-2.5	6.99030418130435e-08
146.5	1.4334e-05	6.0662e-11	-10.0	-2.5	7.231030503310854e-08
147.0	1.4334e-05	5.9032e-11	-10.0	-2.5	7.17180818480455e-08
147.5	1.4332e-05	6.0566e-11	-10.0	-2.5	6.912637225785319e-08
148.0	1.4336e-05	6.213e-11	-10.0	-2.5	7.25351762625339e-08
148.5	1.4335e-05	6.2019e-11	-10.0	-2.5	7.094449386208723e-08
149.0	1.4335e-05	6.2029e-11	-10.0	-2.5	7.035432505650939e-08
149.5	1.4336e-05	6.1071e-11	-10.0	-2.5	7.076466984580377e-08
150.0	1.4337e-05	6.2718e-11	-10.0	-2.5	7.117552822996988e-08
150.5	1.4338e-05	6.3091e-11	-10.0	-2.5	7.158690020900601e-08
151.0	1.434e-05	6.2264e-11	-10.0	-2.5	7.299878578291437e-08
151.5	1.4336e-05	6.3229e-11	-10.0	-2.5	6.841118495169315e-08
152.0	1.4337e-05	6.3187e-11	-10.0	-2.5	6.882409771534615e-08
152.5	1.4337e-05	6.3622e-11	-10.0	-2.5	6.823752407386868e-08
153.0	1.4337e-05	6.5958e-11	-10.0	-2.5	6.765146402726124e-08
153.5	1.4339e-05	6.487e-11	-10.0	-2.5	6.906591757552652e-08
154.0	1.4338e-05	6.4126e-11	-10.0	-2.5	6.748088471866372e-08
154.5	1.4341e-05	6.5223e-11	-10.0	-2.5	6.989636545667295e-08
155.0	1.4342e-05	6.5384e-11	-10.0	-2.5	7.031235978955121e-08
155.5	1.434e-05	6.537e-11	-10.0	-2.5	6.772886771730139e-08
156.0	1.4341e-05	6.5839e-11	-10.0	-2.5	6.814588923992478e-08
156.5	1.4346e-05	6.6721e-11	-10.0	-2.5	7.256342435741682e-08
157.0	1.4346e-05	6.8977e-11	-10.0	-2.5	7.198147306978147e-08
157.5	1.4345e-05	6.8378e-11	-10.0	-2.5	7.040003537701904e-08
158.0	1.4346e-05	6.8463e-11	-10.0	-2.5	7.081911127912594e-08
158.5	1.4346e-05	6.9165e-11	-10.0	-2.5	7.023870077610576e-08
159.0	1.4347e-05	6.9084e-11	-10.0	-2.5	7.065880386795611e-08
159.5	1.4344e-05	6.9947e-11	-10.0	-2.5	6.707942055467789e-08
160.0	1.4345e-05	7.0829e-11	-10.0	-2.5	6.750055083627168e-08
160.5	1.4345e-05	7.1254e-11	-10.0	-2.5	6.69221947127367e-08
161.0	1.4346e-05	7.1513e-11	-10.0	-2.5	6.734435218407056e-08
161.5	1.4346e-05	7.1607e-11	-10.0	-2.5	6.676702325027903e-08
162.0	1.4346e-05	7.2868e-11	-10.0	-2.5	6.619020791135752e-08
162.5	1.4348e-05	7.2542e-11	-10.0	-2.5	6.761390616730874e-08
163.0	1.4348e-05	7.2906e-11	-10.0	-2.5	6.703811801812899e-08
163.5	1.4348e-05	7.3377e-11	-10.0	-2.5	6.646284346382266e-08
164.0	1.4347e-05	7.3042e-11	-10.0	-2.5	6.488808250438586e-08
164.5	1.4347e-05	7.3477e-11	-10.0	-2.5	6.431383513982128e-08
165.0	1.4347e-05	7.5684e-11	-10.0	-2.5	6.374010137012842e-08
165.5	1.4346e-05	7.5041e-11	-10.0	-2.5	6.216688119530679e-08
166.0	1.4347e-05	7.4333e-11	-10.0	-2.5	6.259417461535618e-08
166.5	1.4348e-05	7.6595e-11	-10.0	-2.5	6.30219816302773e-08
167.0	1.4347e-05	7.6797e-11	-10.0	-2.5	6.145030224007084e-08
167.5	1.4347e-05	7.7796e-11	-10.0	-2.5	6.087913644473321e-08
168.0	1.4348e-05	7.6786e-11	-10.0	-2.5	6.13084842442695e-08
168.5	1.4347e-05	7.7256e-11	-10.0	-2.5	5.973834563867482e-08
169.0	1.4347e-05	7.7596e-11	-10.0	-2.5	5.916872062795405e-08
169.5	1.4348e-05	7.8337e-11	-10.0	-2.5	5.9599609212103815e-08
170.0	1.4348e-05	7.9373e-11	-10.0	-2.5	5.9031011391124803e-08
170.5	1.4348e-05	8.1719e-11	-10.0	-2.5	5.846292716501582e-08
171.0	1.435e-05	8.208e-11	-10.0	-2.5	5.989535653377956e-08
171.5	1.435e-05	8.0975e-11	-10.0	-2.5	5.932829949741402e-08
172.0	1.4348e-05	8.2061e-11	-10.0	-2.5	5.676175605592091e-08
172.5	1.435e-05	8.1507e-11	-10.0	-2.5	5.819572620929812e-08
173.0	1.4349e-05	8.4281e-11	-10.0	-2.5	5.663020995754556e-08
173.5	1.4351e-05	8.5114e-11	-10.0	-2.5	5.806520730066792e-08
174.0	1.4354e-05	8.5194e-11	-10.0	-2.5	6.05007182386591e-08
174.5	1.4354e-05	8.5321e-11	-10.0	-2.5	5.993674277152222e-08
175.0	1.4355e-05	8.5564e-11	-10.0	-2.5	6.037328089925585e-08
175.5	1.4353e-05	8.6341e-11	-10.0	-2.5	5.7810332621861414e-08
176.0	1.4353e-05	8.5918e-11	-10.0	-2.5	5.7247897939338e-08
176.5	1.4352e-05	8.7824e-11	-10.0	-2.5	5.5685976851687505e-08
177.0	1.4354e-05	8.9457e-11	-10.0	-2.5	5.712456935890684e-08
177.5	1.4354e-05	8.9214e-11	-10.0	-2.5	5.6563675460998597e-08
178.0	1.4354e-05	8.8747e-11	-10.0	-2.5	5.6003295157962076e-08
178.5	1.435e-05	8.8588e-11	-10.0	-2.5	5.1443428449795284e-08
179.0	1.4356e-05	2.929e-10	-10.0	-2.5	5.688407533650012e-08
179.5	1.4352e-05	3.0853e-10	-10.0	-2.5	5.232523581807847e-08
180.0	1.4351e-05	3.054e-10	-10.0	-2.5	5.076690989452665e-08
180.5	1.4348e-05	3.0217e-10	-10.0	-2.5	4.7209097565845554e-08
181.0	1.4346e-05	2.9454e-10	-10.0	-2.5	4.465179883203668e-08
181.5	1.4344e-05	2.9635e-10	-10.0	-2.5	4.2095013693099534e-08
182.0	1.4345e-05	2.9309e-10	-10.0	-2.5	4.253874214903391e-08
182.5	1.4344e-05	2.9131e-10	-10.0	-2.5	4.098298419983732e-08
183.0	1.4342e-05	2.8794e-10	-10.0	-2.5	3.8427739845513646e-08
183.5	1.4341e-05	2.8685e-10	-10.0	-2.5	3.6873009086062195e-08
184.0	1.4338e-05	2.8338e-10	-10.0	-2.5	3.331879192148147e-08
184.5	1.4337e-05	2.8215e-10	-10.0	-2.5	3.176508835177177e-08
185.0	1.4338e-05	2.7941e-10	-10.0	-2.5	3.2211898376934795e-08
185.5	1.4338e-05	2.776e-10	-10.0	-2.5	3.165922199696735e-08
186.0	1.4335e-05	2.7503e-10	-10.0	-2.5	2.8107059211871822e-08
186.5	1.4337e-05	2.7434e-10	-10.0	-2.5	2.9555410021647125e-08
187.0	1.4335e-05	2.7317e-10	-10.0	-2.5	2.7004274426295545e-08
187.5	1.4337e-05	2.7232e-10	-10.0	-2.5	2.8453652425814295e-08
188.0	1.4335e-05	2.7129e-10	-10.0	-2.5	2.5903544020204467e-08
188.5	1.4334e-05	2.6946e-10	-10.0	-2.5	2.4353949209466862e-08
189.0	1.4336e-05	2.6811e-10	-10.0	-2.5	2.5804867993597393e-08
189.5	1.4335e-05	2.6749e-10	-10.0	-2.5	2.4256300372603234e-08
190.0	1.4334e-05	2.6637e-10	-10.0	-2.5	2.2708246346479105e-08
190.5	1.4333e-05	2.6627e-10	-10.0	-2.5	2.1160705915225004e-08
191.0	1.4331e-05	2.6493e-10	-10.0	-2.5	1.8613679078843823e-08
191.5	1.4333e-05	2.6451e-10	-10.0	-2.5	2.0067165837334665e-08
192.0	1.433e-05	2.6319e-10	-10.0	-2.5	1.6521166190694737e-08
192.5	1.433e-05	2.6321e-10	-10.0	-2.5	1.597568013892803e-08
193.0	1.4331e-05	2.6317e-10	-10.0	-2.5	1.6430707682031848e-08
193.5	1.4332e-05	2.622e-10	-10.0	-2.5	1.6886248820005697e-08
194.0	1.433e-05	2.6301e-10	-10.0	-2.5	1.4342303552853161e-08
194.5	1.433e-05	2.6203e-10	-10.0	-2.5	1.3798871880571652e-08
195.0	1.4331e-05	2.6233e-10	-10.0	-2.5	1.4255953803162365e-08
195.5	1.4331e-05	2.6074e-10	-10.0	-2.5	1.3713549320622608e-08
196.0	1.4331e-05	2.6031e-10	-10.0	-2.5	1.3171658432954575e-08
196.5	1.4331e-05	2.593e-10	-10.0	-2.5	1.2630281140158265e-08
197.0	1.4333e-05	2.5904e-10	-10.0	-2.5	1.4089417442232982e-08
197.5	1.4332e-05	2.5877e-10	-10.0	-2.5	1.2549067339177926e-08
198.0	1.4331e-05	2.574e-10	-10.0	-2.5	1.1009230830997982e-08
198.5	1.4334e-05	2.5809e-10	-10.0	-2.5	1.3469907917686673e-08
199.0	1.4334e-05	2.572e-10	-10.0	-2.5	1.2931098599247286e-08
199.5	1.4334e-05	2.5742e-10	-10.0	-2.5	1.2392802875677928e-08
200.0	1.4336e-05	2.5745e-10	-10.0	-2.5	1.385502074698129e-08
200.5	1.4335e-05	2.5702e-10	-10.0	-2.5	1.2317752213156574e-08
201.0	1.4335e-05	2.5617e-10	-10.0	-2.5	1.1780997274202386e-08
201.5	1.4335e-05	2.567e-10	-10.0	-2.5	1.1244755930119922e-08
202.0	1.4337e-05	2.568e-10	-10.0	-2.5	1.2709028180908483e-08
202.5	1.4337e-05	2.5791e-10	-10.0	-2.5	1.2173814026567771e-08
203.0	1.434e-05	2.5655e-10	-10.0	-2.5	1.4639113467100279e-08
203.5	1.434e-05	2.5691e-10	-10.0	-2.5	1.4104926502503013e-08
204.0	1.434e-05	2.5624e-10	-10.0	-2.5	1.3571253132777471e-08
204.5	1.4342e-05	2.5647e-10	-10.0	-2.5	1.503809335792126e-08
205.0	1.4343e-05	2.5692e-10	-10.0	-2.5	1.5505447177939665e-08
205.5	1.4345e-05	2.5762e-10	-10.0	-2.5	1.6973314592828596e-08
206.0	1.4344e-05	2.5658e-10	-10.0	-2.5	1.5441695602587754e-08
206.5	1.4345e-05	2.5764e-10	-10.0	-2.5	1.5910590207219633e-08
207.0	1.4347e-05	2.5762e-10	-10.0	-2.5	1.7379998406720346e-08
207.5	1.4347e-05	2.5686e-10	-10.0	-2.5	1.6849920201095174e-08
208.0	1.4347e-05	2.5664e-10	-10.0	-2.5	1.632035559034003e-08
208.5	1.4348e-05	2.5827e-10	-10.0	-2.5	1.679130457445711e-08
209.0	1.4348e-05	2.5729e-10	-10.0	-2.5	1.626276715344541e-08
209.5	1.4347e-05	2.5778e-10	-10.0	-2.5	1.4734743327303245e-08
210.0	1.435e-05	2.5819e-10	-10.0	-2.5	1.7207233096034797e-08
210.5	1.435e-05	2.5838e-10	-10.0	-2.5	1.6680236459636576e-08
211.0	1.4351e-05	2.579e-10	-10.0	-2.5	1.7153753418110577e-08
211.5	1.4351e-05	2.5902e-10	-10.0	-2.5	1.6627783971455803e-08
212.0	1.4352e-05	2.5747e-10	-10.0	-2.5	1.7102328119671556e-08
212.5	1.4354e-05	2.5867e-10	-10.0	-2.5	1.8577385862759532e-08
213.0	1.4352e-05	2.5781e-10	-10.0	-2.5	1.605295720071893e-08
213.5	1.4351e-05	2.5961e-10	-10.0	-2.5	1.4529042133548857e-08
214.0	1.4354e-05	2.5872e-10	-10.0	-2.5	1.7005640661250807e-08
214.5	1.4353e-05	2.5875e-10	-10.0	-2.5	1.5482752783822486e-08
215.0	1.4354e-05	2.5921e-10	-10.0	-2.5	1.5960378501266885e-08
215.5	1.4356e-05	2.5824e-10	-10.0	-2.5	1.7438517813583507e-08
216.0	1.4357e-05	2.5917e-10	-10.0	-2.5	1.791717072076966e-08
216.5	1.4357e-05	2.5994e-10	-10.0	-2.5	1.739633722282873e-08
217.0	1.4359e-05	2.6025e-10	-10.0	-2.5	1.8876017319758827e-08
217.5	1.4359e-05	2.6024e-10	-10.0	-2.5	1.835621101155965e-08
218.0	1.4358e-05	2.5981e-10	-10.0	-2.5	1.6836918298233393e-08
218.5	1.4358e-05	2.6041e-10	-10.0	-2.5	1.6318139179777663e-08
219.0	1.436e-05	2.6096e-10	-10.0	-2.5	1.779987365619296e-08
219.5	1.4362e-05	2.6166e-10	-10.0	-2.5	1.928212172747998e-08
220.0	1.4361e-05	2.6084e-10	-10.0	-2.5	1.776488339363892e-08
220.5	1.4361e-05	2.61e-10	-10.0	-2.5	1.724815865466839e-08
221.0	1.4362e-05	2.6133e-10	-10.0	-2.5	1.7731947510568388e-08
221.5	1.4362e-05	2.6152e-10	-10.0	-2.5	1.7216249961341304e-08
222.0	1.4363e-05	2.626e-10	-10.0	-2.5	1.7701066006984748e-08
222.5	1.4363e-05	2.6263e-10	-10.0	-2.5	1.7186395647499417e-08
223.0	1.4366e-05	2.6252e-10	-10.0	-2.5	1.967223888288561e-08
223.5	1.4365e-05	2.6215e-10	-10.0	-2.5	1.815859571314492e-08
224.0	1.4365e-05	2.622e-10	-10.0	-2.5	1.7645466138273066e-08
224.5	1.4365e-05	2.6232e-10	-10.0	-2.5	1.7132850158274628e-08
225.0	1.4367e-05	2.628e-10	-10.0	-2.5	1.8620747773145523e-08
225.5	1.437e-05	2.6241e-10	-10.0	-2.5	2.110915898288864e-08
226.0	1.4374e-05	2.6295e-10	-10.0	-2.5	2.4598083787503978e-08
226.5	1.4374e-05	2.6269e-10	-10.0	-2.5	2.408752218699074e-08
227.0	1.4374e-05	2.6322e-10	-10.0	-2.5	2.357747418134753e-08
227.5	1.4374e-05	2.6246e-10	-10.0	-2.5	2.3067939770576043e-08
228.0	1.4374e-05	2.6391e-10	-10.0	-2.5	2.255891895467628e-08
228.5	1.4375e-05	2.63e-10	-10.0	-2.5	2.305041173364874e-08
229.0	1.4376e-05	2.6384e-10	-10.0	-2.5	2.3542418107491228e-08
229.5	1.4374e-05	2.6347e-10	-10.0	-2.5	2.1034938076205638e-08
230.0	1.4375e-05	2.6335e-10	-10.0	-2.5	2.1527971639791573e-08
230.5	1.4377e-05	2.6433e-10	-10.0	-2.5	2.3021518798248036e-08
231.0	1.4377e-05	2.6307e-10	-10.0	-2.5	2.251557955157692e-08
231.5	1.4379e-05	2.6315e-10	-10.0	-2.5	2.401015389977683e-08
232.0	1.4378e-05	2.6429e-10	-10.0	-2.5	2.250524184284866e-08
232.5	1.438e-05	2.6452e-10	-10.0	-2.5	2.4000843380790322e-08
233.0	1.438e-05	2.6516e-10	-10.0	-2.5	2.3496958513604405e-08
233.5	1.4381e-05	2.6525e-10	-10.0	-2.5	2.399358724129071e-08
234.0	1.438e-05	2.6548e-10	-10.0	-2.5	2.2490729563846046e-08
234.5	1.4381e-05	2.6493e-10	-10.0	-2.5	2.2988385481274103e-08
235.0	1.4383e-05	2.6513e-10	-10.0	-2.5	2.448655499357438e-08
235.5	1.4383e-05	2.6549e-10	-10.0	-2.5	2.3985238100743692e-08
236.0	1.4385e-05	2.6546e-10	-10.0	-2.5	2.5484434802787418e-08
236.5	1.4387e-05	2.665e-10	-10.0	-2.5	2.6984145099701173e-08
237.0	1.4387e-05	2.6574e-10	-10.0	-2.5	2.6484368991485654e-08
237.5	1.4388e-05	2.6574e-10	-10.0	-2.5	2.6985106478142357e-08
238.0	1.4391e-05	2.6614e-10	-10.0	-2.5	2.9486357559670086e-08
238.5	1.4389e-05	2.6722e-10	-10.0	-2.5	2.6988122236070434e-08
239.0	1.4407e-05	3.1542e-11	-10.0	-2.5	4.4490400507338925e-08
239.5	1.4398e-05	8.0209e-11	-10.0	-2.5	3.499319237348092e-08
240.0	1.4402e-05	4.5211e-11	-10.0	-2.5	3.8496497834496045e-08
240.5	1.4401e-05	4.8416e-11	-10.0	-2.5	3.70003168903787e-08
241.0	1.4404e-05	5.253e-11	-10.0	-2.5	3.950464954113508e-08
241.5	1.4408e-05	5.7288e-11	-10.0	-2.5	4.3009495786763675e-08
242.0	1.4409e-05	6.0935e-11	-10.0	-2.5	4.35148556272625e-08
242.5	1.4411e-05	6.5227e-11	-10.0	-2.5	4.502072906263185e-08
243.0	1.4411e-05	6.8115e-11	-10.0	-2.5	4.4527116092873625e-08
243.5	1.4416e-05	7.09e-11	-10.0	-2.5	4.9034016717986226e-08
244.0	1.4416e-05	7.5283e-11	-10.0	-2.5	4.8541430937971446e-08
244.5	1.4421e-05	7.8938e-11	-10.0	-2.5	5.30493587528258e-08
245.0	1.4421e-05	8.1809e-11	-10.0	-2.5	5.255780016255277e-08
245.5	1.442e-05	8.3411e-11	-10.0	-2.5	5.106675516715097e-08
246.0	1.4422e-05	8.499e-11	-10.0	-2.5	5.257622376662069e-08
246.5	1.4428e-05	8.9911e-11	-10.0	-2.5	5.8086205960962436e-08
247.0	1.4427e-05	9.1947e-11	-10.0	-2.5	5.659670175017411e-08
247.5	1.4429e-05	9.3734e-11	-10.0	-2.5	5.8107711134259e-08
248.0	1.443e-05	9.6509e-11	-10.0	-2.5	5.861923411321512e-08
248.5	1.4433e-05	9.7385e-11	-10.0	-2.5	6.113127068704057e-08
249.0	1.4433e-05	9.9488e-11	-10.0	-2.5	6.064382085573963e-08
249.5	1.4435e-05	9.9461e-11	-10.0	-2.5	6.215688461930803e-08
250.0	1.4434e-05	1.0126e-10	-10.0	-2.5	6.067046197774835e-08
250.5	1.4436e-05	1.0344e-10	-10.0	-2.5	6.218455293106188e-08
251.0	1.4437e-05	1.0319e-10	-10.0	-2.5	6.269915747924326e-08
251.5	1.4437e-05	1.0391e-10	-10.0	-2.5	6.221427562229925e-08
252.0	1.4435e-05	1.0657e-10	-10.0	-2.5	5.972990736022596e-08
252.5	1.4435e-05	1.0701e-10	-10.0	-2.5	5.92460526930237e-08
253.0	1.4439e-05	1.0719e-10	-10.0	-2.5	6.276271162069177e-08
253.5	1.444e-05	1.0759e-10	-10.0	-2.5	6.327988414323345e-08
254.0	1.444e-05	1.0918e-10	-10.0	-2.5	6.279757026064467e-08
254.5	1.444e-05	1.1067e-10	-10.0	-2.5	6.231576997292761e-08
255.0	1.4442e-05	1.1222e-10	-10.0	-2.5	6.383448328008157e-08
255.5	1.4442e-05	1.1096e-10	-10.0	-2.5	6.335371018210796e-08
256.0	1.4443e-05	1.1224e-10	-10.0	-2.5	6.387345067900487e-08
256.5	1.4444e-05	1.1098e-10	-10.0	-2.5	6.439370477077351e-08
257.0	1.4443e-05	1.1324e-10	-10.0	-2.5	6.291447245741457e-08
257.5	1.4445e-05	1.1297e-10	-10.0	-2.5	6.443575373892546e-08
258.0	1.4444e-05	1.1349e-10	-10.0	-2.5	6.295754861530657e-08
258.5	1.4445e-05	1.1282e-10	-10.0	-2.5	6.34798570865621e-08
259.0	1.4445e-05	1.1317e-10	-10.0	-2.5	6.300267915268716e-08
259.5	1.4445e-05	1.1279e-10	-10.0	-2.5	6.252601481368395e-08
260.0	1.4448e-05	1.1389e-10	-10.0	-2.5	6.504986406955226e-08
260.5	1.4446e-05	1.148e-10	-10.0	-2.5	6.257422692029319e-08
261.0	1.4447e-05	1.1451e-10	-10.0	-2.5	6.309910336590394e-08
261.5	1.4448e-05	1.1652e-10	-10.0	-2.5	6.362449340638473e-08
262.0	1.4447e-05	1.169e-10	-10.0	-2.5	6.215039704173963e-08
262.5	1.4446e-05	1.1609e-10	-10.0	-2.5	6.067681427196457e-08
263.0	1.4448e-05	1.1618e-10	-10.0	-2.5	6.220374509706102e-08
263.5	1.4448e-05	1.1719e-10	-10.0	-2.5	6.17311895170282e-08
264.0	1.4449e-05	1.1619e-10	-10.0	-2.5	6.225914753186761e-08
264.5	1.4449e-05	1.2073e-10	-10.0	-2.5	6.178761914157993e-08
265.0	1.4449e-05	1.2261e-10	-10.0	-2.5	6.131660434616059e-08
265.5	1.4448e-05	1.2072e-10	-10.0	-2.5	5.984610314561417e-08
266.0	1.4445e-05	1.2068e-10	-10.0	-2.5	5.6376115539938474e-08
266.5	1.4447e-05	1.2073e-10	-10.0	-2.5	5.79066415291353e-08
267.0	1.445e-05	1.233e-10	-10.0	-2.5	6.043768111320265e-08
267.5	1.4447e-05	1.2286e-10	-10.0	-2.5	5.696923429214213e-08
268.0	1.4448e-05	1.2453e-10	-10.0	-2.5	5.750130106595193e-08
268.5	1.4446e-05	1.2307e-10	-10.0	-2.5	5.5033881434633655e-08
269.0	1.4447e-05	1.2267e-10	-10.0	-2.5	5.5566975398186905e-08
269.5	1.4446e-05	1.2408e-10	-10.0	-2.5	5.410058295661088e-08
270.0	1.4447e-05	1.2233e-10	-10.0	-2.5	5.463470410990758e-08
270.5	1.4448e-05	1.2166e-10	-10.0	-2.5	5.5169338858074304e-08
271.0	1.4445e-05	1.2242e-10	-10.0	-2.5	5.170448720111245e-08
271.5	1.4446e-05	1.2321e-10	-10.0	-2.5	5.2240149139022625e-08
272.0	1.4444e-05	1.2349e-10	-10.0	-2.5	4.9776324671803025e-08
272.5	1.4446e-05	1.2231e-10	-10.0	-2.5	5.131301379945714e-08
273.0	1.4448e-05	1.2316e-10	-10.0	-2.5	5.2850216521979596e-08
273.5	1.4447e-05	1.2386e-10	-10.0	-2.5	5.138793283937736e-08
274.0	1.4447e-05	1.2445e-10	-10.0	-2.5	5.0926162751643956e-08
274.5	1.4447e-05	1.2216e-10	-10.0	-2.5	5.0464906258782275e-08
275.0	1.4449e-05	1.2253e-10	-10.0	-2.5	5.200416336078993e-08
275.5	1.4447e-05	1.2355e-10	-10.0	-2.5	4.954393405767239e-08
276.0	1.4446e-05	1.2547e-10	-10.0	-2.5	4.808421834942369e-08
276.5	1.4445e-05	1.2614e-10	-10.0	-2.5	4.662501623604671e-08
277.0	1.4448e-05	1.2663e-10	-10.0	-2.5	4.916632771754175e-08
277.5	1.4443e-05	1.2768e-10	-10.0	-2.5	4.3708152793909614e-08
278.0	1.4443e-05	1.2782e-10	-10.0	-2.5	4.325049146514661e-08
278.5	1.4443e-05	1.2612e-10	-10.0	-2.5	4.279334373125533e-08
279.0	1.444e-05	1.2649e-10	-10.0	-2.5	3.933670959223597e-08
279.5	1.444e-05	1.2711e-10	-10.0	-2.5	3.888058904808813e-08
280.0	1.4441e-05	1.2668e-10	-10.0	-2.5	3.9424982098810825e-08
280.5	1.444e-05	1.258e-10	-10.0	-2.5	3.796988874440594e-08
281.0	1.4439e-05	1.2552e-10	-10.0	-2.5	3.6515308984872775e-08
281.5	1.444e-05	1.2621e-10	-10.0	-2.5	3.706124282021064e-08
282.0	1.444e-05	1.2507e-10	-10.0	-2.5	3.660769025041803e-08
282.5	1.444e-05	1.264e-10	-10.0	-2.5	3.615465127549884e-08
283.0	1.444e-05	1.2803e-10	-10.0	-2.5	3.5702125895451377e-08
283.5	1.4441e-05	1.2676e-10	-10.0	-2.5	3.6250114110272745e-08
284.0	1.444e-05	1.2719e-10	-10.0	-2.5	3.479861591996823e-08
284.5	1.4441e-05	1.2909e-10	-10.0	-2.5	3.534763132453304e-08
285.0	1.444e-05	1.2846e-10	-10.0	-2.5	3.389716032397028e-08
285.5	1.444e-05	1.2855e-10	-10.0	-2.5	3.344720291827804e-08
286.0	1.4442e-05	1.3266e-10	-10.0	-2.5	3.499775910745852e-08
286.5	1.4443e-05	1.3158e-10	-10.0	-2.5	3.554882889151023e-08
287.0	1.4443e-05	1.3246e-10	-10.0	-2.5	3.510041227043147e-08
287.5	1.4442e-05	1.3311e-10	-10.0	-2.5	3.365250924422563e-08
288.0	1.4441e-05	1.3317e-10	-10.0	-2.5	3.2205119812889815e-08
288.5	1.4443e-05	1.3149e-10	-10.0	-2.5	3.375824397642722e-08
289.0	1.4442e-05	1.3186e-10	-10.0	-2.5	3.2311881734834854e-08
289.5	1.4442e-05	1.3111e-10	-10.0	-2.5	3.186603308811471e-08
290.0	1.4444e-05	1.3093e-10	-10.0	-2.5	3.342069803626559e-08
290.5	1.4443e-05	1.3156e-10	-10.0	-2.5	3.1975876579288395e-08
291.0	1.4444e-05	1.3396e-10	-10.0	-2.5	3.253156871718053e-08
291.5	1.4442e-05	1.3264e-10	-10.0	-2.5	3.008777444994628e-08
292.0	1.4441e-05	1.3425e-10	-10.0	-2.5	2.8644493777582562e-08
292.5	1.4441e-05	1.3521e-10	-10.0	-2.5	2.820172670008937e-08
293.0	1.4443e-05	1.3444e-10	-10.0	-2.5	2.975947321747059e-08
293.5	1.4441e-05	1.3487e-10	-10.0	-2.5	2.7317733329719848e-08
294.0	1.4442e-05	1.3558e-10	-10.0	-2.5	2.7876507036842324e-08
294.5	1.4442e-05	1.3526e-10	-10.0	-2.5	2.743579433883433e-08
295.0	1.4443e-05	1.3489e-10	-10.0	-2.5	2.7995595235700253e-08
295.5	1.4442e-05	1.3583e-10	-10.0	-2.5	2.6555909727435208e-08
296.0	1.4443e-05	1.3381e-10	-10.0	-2.5	2.7116737814042883e-08
296.5	1.4442e-05	1.3527e-10	-10.0	-2.5	2.5678079495521284e-08
297.0	1.4444e-05	1.3639e-10	-10.0	-2.5	2.723993477187121e-08
297.5	1.4442e-05	1.3563e-10	-10.0	-2.5	2.480230364309256e-08
298.0	1.4441e-05	1.355e-10	-10.0	-2.5	2.3365186109184437e-08
298.5	1.4441e-05	1.3586e-10	-10.0	-2.5	2.2928582170148536e-08
299.0	1.4448e-05	3.1454e-10	-10.0	-2.5	2.949249182598446e-08
299.5	1.4439e-05	3.5776e-10	-10.0	-2.5	2.00569150766926e-08
300.0	1.4439e-05	3.4746e-10	-10.0	-2.5	1.9621851922270176e-08
300.5	1.4435e-05	3.4442e-10	-10.0	-2.5	1.518730236272087e-08
301.0	1.4435e-05	3.4179e-10	-10.0	-2.5	1.475326639804189e-08
301.5	1.4433e-05	3.3905e-10	-10.0	-2.5	1.2319744028233638e-08
302.0	1.4433e-05	3.3698e-10	-10.0	-2.5	1.1886735253298106e-08
302.5	1.4432e-05	3.3484e-10	-10.0	-2.5	1.0454240073232105e-08
303.0	1.4432e-05	3.3218e-10	-10.0	-2.5	1.002225848804002e-08
303.5	1.443e-05	3.3044e-10	-10.0	-2.5	7.590790497718662e-09
304.0	1.443e-05	3.2895e-10	-10.0	-2.5	7.159836102266635e-09
304.5	1.4428e-05	3.2638e-10	-10.0	-2.5	4.729395301687029e-09
305.0	1.4428e-05	3.2333e-10	-10.0	-2.5	4.299468095978449e-09
305.5	1.4425e-05	3.2134e-10	-10.0	-2.5	8.700544851417911e-10
306.0	1.4426e-05	3.1881e-10	-10.0	-2.5	1.4411544691771567e-09
306.5	1.4427e-05	3.5078e-10	-10.0	-2.5	2.0127680480825516e-09
307.0	1.4425e-05	3.1727e-10	-10.0	-2.5	-4.1510477813843803e-10
307.5	1.4426e-05	3.1441e-10	-10.0	-2.5	1.575359905104035e-10
308.0	1.4425e-05	3.1427e-10	-10.0	-2.5	-1.269309645970029e-09
308.5	1.4427e-05	3.1217e-10	-10.0	-2.5	3.0435831242106386e-10
309.0	1.4427e-05	3.1114e-10	-10.0	-2.5	-1.2146013431542325e-10
309.5	1.4425e-05	3.0946e-10	-10.0	-2.5	-2.5467649861811843e-09
310.0	1.4426e-05	3.0804e-10	-10.0	-2.5	-1.971556243173726e-09
310.5	1.4425e-05	3.0704e-10	-10.0	-2.5	-3.395833905297236e-09
311.0	1.4425e-05	3.0585e-10	-10.0	-2.5	-3.819597972548524e-09
311.5	1.4428e-05	3.052e-10	-10.0	-2.5	-1.2428484449282864e-09
312.0	1.4428e-05	3.0398e-10	-10.0	-2.5	-1.6655853224378217e-09
312.5	1.4425e-05	3.0407e-10	-10.0	-2.5	-5.0878086050754355e-09
313.0	1.4427e-05	3.0298e-10	-10.0	-2.5	-3.509518292842221e-09
313.5	1.4427e-05	3.035e-10	-10.0	-2.5	-3.930714385736586e-09
314.0	1.4429e-05	3.0247e-10	-10.0	-2.5	-2.3513968837582307e-09
314.5	1.4428e-05	3.0229e-10	-10.0	-2.5	-3.771565786911342e-09
315.0	1.4429e-05	3.0143e-10	-10.0	-2.5	-3.1912210951900386e-09
315.5	1.4428e-05	3.0095e-10	-10.0	-2.5	-4.610362808599703e-09
316.0	1.443e-05	3.0198e-10	-10.0	-2.5	-3.0289909271361486e-09
316.5	1.4432e-05	3.0056e-10	-10.0	-2.5	-1.4471054508042588e-09
317.0	1.4432e-05	3.0056e-10	-10.0	-2.5	-1.8647063795982548e-09
317.5	1.4432e-05	3.0112e-10	-10.0	-2.5	-2.2817937135222215e-09
318.0	1.4435e-05	3.011e-10	-10.0	-2.5	3.0163254742533697e-10
318.5	1.4434e-05	3.0006e-10	-10.0	-2.5	-1.1144275967556817e-09
319.0	1.4435e-05	3.0064e-10	-10.0	-2.5	-5.299741460639798e-10
319.5	1.4437e-05	2.9965e-10	-10.0	-2.5	1.054992899496556e-09
320.0	1.4438e-05	3.0056e-10	-10.0	-2.5	1.6404735399300105e-09
320.5	1.4438e-05	2.9987e-10	-10.0	-2.5	1.2264677752346897e-09
321.0	1.4438e-05	3.0005e-10	-10.0	-2.5	8.129756054110922e-10
321.5	1.4439e-05	2.9967e-10	-10.0	-2.5	1.3999970304597167e-09
322.0	1.4442e-05	2.9911e-10	-10.0	-2.5	3.987532050377674e-09
322.5	1.444e-05	2.9936e-10	-10.0	-2.5	1.575580665168249e-09
323.0	1.4442e-05	2.9798e-10	-10.0	-2.5	3.164142874829154e-09
323.5	1.4443e-05	2.9947e-10	-10.0	-2.5	3.753218679362978e-09
324.0	1.4444e-05	2.9885e-10	-10.0	-2.5	4.342808078766831e-09
324.5	1.4445e-05	2.982e-10	-10.0	-2.5	4.932911073042407e-09
325.0	1.4445e-05	2.9841e-10	-10.0	-2.5	4.523527662189208e-09
325.5	1.4446e-05	2.9829e-10	-10.0	-2.5	5.114657846208231e-09
326.0	1.4447e-05	2.9839e-10	-10.0	-2.5	5.706301625098978e-09
326.5	1.445e-05	2.9888e-10	-10.0	-2.5	8.298458998859057e-09
327.0	1.4451e-05	2.9831e-10	-10.0	-2.5	8.891129967491556e-09
327.5	1.4452e-05	2.9781e-10	-10.0	-2.5	9.484314530995778e-09
328.0	1.4449e-05	2.9834e-10	-10.0	-2.5	6.078012689371423e-09
328.5	1.4449e-05	2.9913e-10	-10.0	-2.5	5.672224442616899e-09
329.0	1.4451e-05	2.9803e-10	-10.0	-2.5	7.266949790735096e-09
329.5	1.445e-05	2.9944e-10	-10.0	-2.5	5.8621887337252144e-09
330.0	1.4455e-05	2.9829e-10	-10.0	-2.5	1.0457941271584966e-08
330.5	1.4455e-05	2.9858e-10	-10.0	-2.5	1.0054207404317335e-08
331.0	1.4456e-05	2.9884e-10	-10.0	-2.5	1.0650987131921927e-08
331.5	1.4456e-05	2.9902e-10	-10.0	-2.5	1.0248280454396049e-08
332.0	1.4457e-05	2.9877e-10	-10.0	-2.5	1.0846087371744087e-08
332.5	1.4458e-05	2.9931e-10	-10.0	-2.5	1.144440788396046e-08
333.0	1.4458e-05	2.9881e-10	-10.0	-2.5	1.1043241991049753e-08
333.5	1.4459e-05	2.9933e-10	-10.0	-2.5	1.1642589693009573e-08
334.0	1.4459e-05	2.9729e-10	-10.0	-2.5	1.1242450989842312e-08
334.5	1.4459e-05	2.9921e-10	-10.0	-2.5	1.084282588154508e-08
335.0	1.446e-05	2.9975e-10	-10.0	-2.5	1.144371436812007e-08
335.5	1.4461e-05	2.9856e-10	-10.0	-2.5	1.204511644956509e-08
336.0	1.4462e-05	2.991e-10	-10.0	-2.5	1.2647032125883526e-08
336.5	1.4463e-05	2.9989e-10	-10.0	-2.5	1.3249461397071992e-08
337.0	1.4465e-05	2.9874e-10	-10.0	-2.5	1.4852404263130986e-08
337.5	1.4466e-05	2.9963e-10	-10.0	-2.5	1.54558607240629e-08
338.0	1.4465e-05	2.9942e-10	-10.0	-2.5	1.4059830779865538e-08
338.5	1.4467e-05	3.0035e-10	-10.0	-2.5	1.5664314430541396e-08
339.0	1.4468e-05	3.0015e-10	-10.0	-2.5	1.626931167608509e-08
339.5	1.4468e-05	2.9985e-10	-10.0	-2.5	1.5874822516501704e-08
340.0	1.4469e-05	2.9931e-10	-10.0	-2.5	1.648084695179054e-08
340.5	1.4472e-05	3.0065e-10	-10.0	-2.5	1.90873849819504e-08
341.0	1.4473e-05	3.0066e-10	-10.0	-2.5	1.9694436606982683e-08
341.5	1.4473e-05	3.0356e-10	-10.0	-2.5	1.9302001826884495e-08
342.0	1.4473e-05	3.0119e-10	-10.0	-2.5	1.891008064165803e-08
342.5	1.4475e-05	3.0086e-10	-10.0	-2.5	2.0518673051302594e-08
343.0	1.4476e-05	3.0021e-10	-10.0	-2.5	2.1127779055820075e-08
343.5	1.4476e-05	3.0126e-10	-10.0	-2.5	2.073739865520878e-08
344.0	1.4478e-05	3.004e-10	-10.0	-2.5	2.234753184946682e-08
344.5	1.4477e-05	3.0135e-10	-10.0	-2.5	2.0958178638598473e-08
345.0	1.4478e-05	3.0172e-10	-10.0	-2.5	2.156933902259946e-08
345.5	1.448e-05	3.0171e-10	-10.0	-2.5	2.3181013001474362e-08
346.0	1.4481e-05	3.029e-10	-10.0	-2.5	2.3793200575218795e-08
346.5	1.448e-05	3.0359e-10	-10.0	-2.5	2.2405901743835648e-08
347.0	1.4482e-05	3.0238e-10	-10.0	-2.5	2.4019116507322332e-08
347.5	1.4483e-05	3.0229e-10	-10.0	-2.5	2.4632844865681936e-08
348.0	1.4485e-05	3.0266e-10	-10.0	-2.5	2.6247086818912067e-08
348.5	1.4489e-05	2.7822e-10	-10.0	-2.5	2.9861842367013224e-08
349.0	1.4483e-05	3.0395e-10	-10.0	-2.5	2.34771115099862e-08
349.5	1.4486e-05	3.0266e-10	-10.0	-2.5	2.6092894247830306e-08
350.0	1.4486e-05	3.0361e-10	-10.0	-2.5	2.5709190580546333e-08
350.5	1.4487e-05	3.038e-10	-10.0	-2.5	2.6326000508134582e-08
351.0	1.449e-05	3.0289e-10	-10.0	-2.5	2.8943324030593858e-08
351.5	1.449e-05	3.033e-10	-10.0	-2.5	2.856116114792336e-08
352.0	1.449e-05	3.0335e-10	-10.0	-2.5	2.8179511860124587e-08
352.5	1.4491e-05	3.0367e-10	-10.0	-2.5	2.8798376167198035e-08
353.0	1.449e-05	3.0352e-10	-10.0	-2.5	2.7417754069140516e-08
353.5	1.449e-05	3.0257e-10	-10.0	-2.5	2.7037645565956912e-08
354.0	1.449e-05	3.0288e-10	-10.0	-2.5	2.6658050657643337e-08
354.5	1.449e-05	3.0407e-10	-10.0	-2.5	2.6278969344201486e-08
355.0	1.4491e-05	3.046e-10	-10.0	-2.5	2.6900401625631857e-08
355.5	1.4493e-05	3.0476e-10	-10.0	-2.5	2.8522347501932756e-08
356.0	1.4493e-05	3.045e-10	-10.0	-2.5	2.814480697310438e-08
356.5	1.4494e-05	3.0395e-10	-10.0	-2.5	2.8767780039148228e-08
357.0	1.4494e-05	3.0451e-10	-10.0	-2.5	2.83912667000633e-08
357.5	1.4496e-05	3.0381e-10	-10.0	-2.5	3.00152669558494e-08
358.0	1.4497e-05	3.0498e-10	-10.0	-2.5	3.0639780806508414e-08
358.5	1.4499e-05	3.0532e-10	-10.0	-2.5	3.2264808252036265e-08
359.0	1.4509e-05	6.001e-11	-10.0	-2.5	4.189034929243644e-08
359.5	1.4504e-05	8.6875e-11	-10.0	-2.5	3.651640392770933e-08
360.0	1.4506e-05	9.0828e-11	-10.0	-2.5	3.814297215785235e-08
360.5	1.4511e-05	9.4335e-11	-10.0	-2.5	4.277005398286859e-08
361.0	1.4511e-05	9.8119e-11	-10.0	-2.5	4.239764940275406e-08
361.5	1.4514e-05	1.0242e-10	-10.0	-2.5	4.5025758417511054e-08
362.0	1.4513e-05	1.1198e-10	-10.0	-2.5	4.365438102713947e-08
362.5	1.4516e-05	1.1131e-10	-10.0	-2.5	4.6283517231639914e-08
363.0	1.4518e-05	1.1507e-10	-10.0	-2.5	4.7913167031013275e-08
363.5	1.452e-05	1.1829e-10	-10.0	-2.5	4.954333042525497e-08
364.0	1.4522e-05	1.2284e-10	-10.0	-2.5	5.117400741436839e-08
364.5	1.4521e-05	1.2516e-10	-10.0	-2.5	4.9805197998355425e-08
365.0	1.4525e-05	1.2882e-10	-10.0	-2.5	5.343690217721329e-08
365.5	1.4526e-05	1.2989e-10	-10.0	-2.5	5.4069119950939684e-08
366.0	1.4527e-05	1.3276e-10	-10.0	-2.5	5.470185131954119e-08
366.5	1.4526e-05	1.3425e-10	-10.0	-2.5	5.333509628301173e-08
367.0	1.4529e-05	1.3586e-10	-10.0	-2.5	5.5968854841354296e-08
367.5	1.453e-05	1.3867e-10	-10.0	-2.5	5.6603126994567585e-08
368.0	1.4532e-05	1.3968e-10	-10.0	-2.5	5.823791274265479e-08
368.5	1.4533e-05	1.4017e-10	-10.0	-2.5	5.8873212085609834e-08
369.0	1.4532e-05	1.4263e-10	-10.0	-2.5	5.750902502343899e-08
369.5	1.4534e-05	1.4477e-10	-10.0	-2.5	5.914535155613798e-08
370.0	1.4536e-05	1.4572e-10	-10.0	-2.5	6.078219168370869e-08
370.5	1.4534e-05	1.4703e-10	-10.0	-2.5	5.841954540615082e-08
371.0	1.4534e-05	1.4805e-10	-10.0	-2.5	5.805741272346568e-08
371.5	1.4536e-05	1.4924e-10	-10.0	-2.5	5.969579363564986e-08
372.0	1.4538e-05	1.5026e-10	-10.0	-2.5	6.133468814270577e-08
372.5	1.4537e-05	1.5201e-10	-10.0	-2.5	5.99740962446336e-08
373.0	1.4536e-05	1.521e-10	-10.0	-2.5	5.861401794143316e-08
373.5	1.4537e-05	1.5241e-10	-10.0	-2.5	5.925445323310374e-08
374.0	1.4538e-05	1.5392e-10	-10.0	-2.5	5.989540211964605e-08
374.5	1.4539e-05	1.5631e-10	-10.0	-2.5	6.053686460105838e-08
375.0	1.4541e-05	1.5633e-10	-10.0	-2.5	6.217884067734294e-08
375.5	1.4537e-05	1.5706e-10	-10.0	-2.5	5.7821330348499614e-08
376.0	1.4538e-05	1.568e-10	-10.0	-2.5	5.846433361452712e-08
376.5	1.4538e-05	1.5848e-10	-10.0	-2.5	5.810785047542585e-08
377.0	1.4537e-05	1.5926e-10	-10.0	-2.5	5.67518809311958e-08
377.5	1.4537e-05	1.5976e-10	-10.0	-2.5	5.639642498183628e-08
378.0	1.4538e-05	1.604e-10	-10.0	-2.5	5.704148262735068e-08
378.5	1.4539e-05	1.6025e-10	-10.0	-2.5	5.768705386773341e-08
379.0	1.454e-05	1.6039e-10	-10.0	-2.5	5.833313870298956e-08
379.5	1.454e-05	1.6051e-10	-10.0	-2.5	5.797973713311694e-08
380.0	1.4541e-05	1.6175e-10	-10.0	-2.5	5.862684915811484e-08
380.5	1.454e-05	1.6276e-10	-10.0	-2.5	5.7274474777985163e-08
381.0	1.4537e-05	1.6228e-10	-10.0	-2.5	5.392261399272621e-08
381.5	1.4538e-05	1.6254e-10	-10.0	-2.5	5.4571266802339285e-08
382.0	1.4538e-05	1.6409e-10	-10.0	-2.5	5.422043320682358e-08
382.5	1.4537e-05	1.6336e-10	-10.0	-2.5	5.287011320617741e-08
383.0	1.4538e-05	1.634e-10	-10.0	-2.5	5.352030680040396e-08
383.5	1.4539e-05	1.6387e-10	-10.0	-2.5	5.417101398950223e-08
384.0	1.4537e-05	1.653e-10	-10.0	-2.5	5.1822234773472425e-08
384.5	1.4537e-05	1.6494e-10	-10.0	-2.5	5.147396915231195e-08
385.0	1.4537e-05	1.6445e-10	-10.0	-2.5	5.1126217126024894e-08
385.5	1.4535e-05	1.6439e-10	-10.0	-2.5	4.8778978694608564e-08
386.0	1.4535e-05	1.639e-10	-10.0	-2.5	4.843225385806326e-08
386.5	1.4535e-05	1.6437e-10	-10.0	-2.5	4.808604261638968e-08
387.0	1.4533e-05	1.646e-10	-10.0	-2.5	4.5740344969586824e-08
387.5	1.4533e-05	1.6415e-10	-10.0	-2.5	4.5395160917654996e-08
388.0	1.4533e-05	1.6449e-10	-10.0	-2.5	4.5050490460596585e-08
388.5	1.4534e-05	1.6485e-10	-10.0	-2.5	4.57063335984087e-08
389.0	1.4535e-05	1.6521e-10	-10.0	-2.5	4.636269033109254e-08
389.5	1.4533e-05	1.6402e-10	-10.0	-2.5	4.401956065864492e-08
390.0	1.4534e-05	1.6489e-10	-10.0	-2.5	4.4676944581072204e-08
390.5	1.4534e-05	1.6559e-10	-10.0	-2.5	4.433484209836902e-08
391.0	1.4534e-05	1.6597e-10	-10.0	-2.5	4.399325321053756e-08
391.5	1.4533e-05	1.6571e-10	-10.0	-2.5	4.265217791757733e-08
392.0	1.4533e-05	1.6565e-10	-10.0	-2.5	4.231161621948932e-08
392.5	1.4532e-05	1.6601e-10	-10.0	-2.5	4.097156811627253e-08
393.0	1.4531e-05	1.6663e-10	-10.0	-2.5	3.963203360792577e-08
393.5	1.453e-05	1.6669e-10	-10.0	-2.5	3.8293012694450736e-08
394.0	1.4531e-05	1.6691e-10	-10.0	-2.5	3.895450537584842e-08
394.5	1.453e-05	1.6752e-10	-10.0	-2.5	3.7616511652116834e-08
395.0	1.4526e-05	1.6768e-10	-10.0	-2.5	3.327903152325547e-08
395.5	1.453e-05	1.6833e-10	-10.0	-2.5	3.6942064989266437e-08
396.0	1.4528e-05	1.6758e-10	-10.0	-2.5	3.460561205014952e-08
396.5	1.4529e-05	1.6839e-10	-10.0	-2.5	3.5269672705902434e-08
397.0	1.4528e-05	1.6859e-10	-10.0	-2.5	3.393424695652946e-08
397.5	1.4528e-05	1.689e-10	-10.0	-2.5	3.3599334802025325e-08
398.0	1.4527e-05	1.6812e-10	-10.0	-2.5	3.226493624239241e-08
398.5	1.4526e-05	1.6891e-10	-10.0	-2.5	3.093105127763122e-08
399.0	1.4526e-05	1.6918e-10	-10.0	-2.5	3.0597679907742254e-08
399.5	1.4524e-05	1.6884e-10	-10.0	-2.5	2.8264822132725707e-08
400.0	1.4524e-05	1.6812e-10	-10.0	-2.5	2.793247795257849e-08
400.5	1.4525e-05	1.6829e-10	-10.0	-2.5	2.86006473673035e-08
401.0	1.4526e-05	1.6897e-10	-10.0	-2.5	2.9269330376898535e-08
401.5	1.4521e-05	1.6838e-10	-10.0	-2.5	2.3938526981367384e-08
402.0	1.4523e-05	1.6801e-10	-10.0	-2.5	2.5608237180704672e-08
402.5	1.4522e-05	1.6768e-10	-10.0	-2.5	2.4278460974915575e-08
403.0	1.4522e-05	1.6767e-10	-10.0	-2.5	2.3949198363997005e-08
403.5	1.4523e-05	1.6826e-10	-10.0	-2.5	2.4620449347950658e-08
404.0	1.4521e-05	1.6859e-10	-10.0	-2.5	2.229221392677454e-08
404.5	1.452e-05	1.6886e-10	-10.0	-2.5	2.096449210047064e-08
405.0	1.4521e-05	1.6917e-10	-10.0	-2.5	2.163728386903777e-08
405.5	1.4521e-05	1.6944e-10	-10.0	-2.5	2.1310589232476123e-08
406.0	1.4522e-05	1.6933e-10	-10.0	-2.5	2.1984408190785004e-08
406.5	1.4521e-05	1.6938e-10	-10.0	-2.5	2.0658740743968e-08
407.0	1.4522e-05	1.6829e-10	-10.0	-2.5	2.1333586892020328e-08
407.5	1.4523e-05	1.6812e-10	-10.0	-2.5	2.200894663494438e-08
408.0	1.4521e-05	1.6946e-10	-10.0	-2.5	1.9684819972740352e-08
408.5	1.4521e-05	1.7052e-10	-10.0	-2.5	1.936120690540735e-08
409.0	1.452e-05	1.7013e-10	-10.0	-2.5	1.803810743294388e-08
409.5	1.452e-05	1.6927e-10	-10.0	-2.5	1.7715521555354327e-08
410.0	1.4518e-05	1.7021e-10	-10.0	-2.5	1.53934492726355e-08
410.5	1.4517e-05	1.706e-10	-10.0	-2.5	1.4071890584787199e-08
411.0	1.4516e-05	1.7061e-10	-10.0	-2.5	1.2750845491810622e-08
411.5	1.4519e-05	1.7083e-10	-10.0	-2.5	1.543031399370607e-08
412.0	1.4518e-05	1.7016e-10	-10.0	-2.5	1.411029609047294e-08
412.5	1.4517e-05	1.7057e-10	-10.0	-2.5	1.2790791782109839e-08
413.0	1.4515e-05	1.6938e-10	-10.0	-2.5	1.0471801068619657e-08
413.5	1.4516e-05	1.6898e-10	-10.0	-2.5	1.1153323949999306e-08
414.0	1.4516e-05	1.6997e-10	-10.0	-2.5	1.0835360426251874e-08
414.5	1.4517e-05	1.6975e-10	-10.0	-2.5	1.151791049737497e-08
415.0	1.4517e-05	1.7085e-10	-10.0	-2.5	1.120097416336929e-08
415.5	1.4516e-05	1.6965e-10	-10.0	-2.5	9.884551424234835e-09
416.0	1.4519e-05	1.7125e-10	-10.0	-2.5	1.2568642279972404e-08
416.5	1.4518e-05	1.7062e-10	-10.0	-2.5	1.125324673058309e-08
417.0	1.452e-05	1.7172e-10	-10.0	-2.5	1.2938364776061913e-08
417.5	1.4519e-05	1.7216e-10	-10.0	-2.5	1.1623996416412657e-08
418.0	1.4519e-05	1.7167e-10	-10.0	-2.5	1.1310141651635624e-08
418.5	1.4519e-05	1.7135e-10	-10.0	-2.5	1.0996800481730313e-08
419.0	1.4528e-05	3.4255e-10	-10.0	-2.5	1.9683972906697826e-08
419.5	1.4514e-05	3.8301e-10	-10.0	-2.5	5.371658926534064e-09
420.0	1.4512e-05	3.7868e-10	-10.0	-2.5	3.059858541241232e-09
420.5	1.4509e-05	3.7682e-10	-10.0	-2.5	-2.514282491786809e-10
421.0	1.4507e-05	3.7419e-10	-10.0	-2.5	-2.5622014447263718e-09
421.5	1.4507e-05	3.7206e-10	-10.0	-2.5	-2.87246104540473e-09
422.0	1.4504e-05	3.6905e-10	-10.0	-2.5	-6.182207051209473e-09
422.5	1.4504e-05	3.6663e-10	-10.0	-2.5	-6.491439462144385e-09
423.0	1.4502e-05	3.6518e-10	-10.0	-2.5	-8.80015827820857e-09
423.5	1.4503e-05	3.6206e-10	-10.0	-2.5	-8.108363499401231e-09
424.0	1.4504e-05	3.5914e-10	-10.0	-2.5	-7.416055125720474e-09
424.5	1.4504e-05	3.5621e-10	-10.0	-2.5	-7.723233157170187e-09
425.0	1.4504e-05	3.5525e-10	-10.0	-2.5	-8.029897593748176e-09
425.5	1.4505e-05	3.523e-10	-10.0	-2.5	-7.336048435455637e-09
426.0	1.4503e-05	3.521e-10	-10.0	-2.5	-9.641685682289483e-09
426.5	1.4507e-05	3.4876e-10	-10.0	-2.5	-5.9468093342536954e-09
427.0	1.4504e-05	3.4835e-10	-10.0	-2.5	-9.251419391344593e-09
427.5	1.4505e-05	3.4593e-10	-10.0	-2.5	-8.555515853566855e-09
428.0	1.4505e-05	3.4529e-10	-10.0	-2.5	-8.859098720916198e-09
428.5	1.4504e-05	3.4322e-10	-10.0	-2.5	-1.0162167993394317e-08
429.0	1.4506e-05	3.4216e-10	-10.0	-2.5	-8.46472367100091e-09
429.5	1.4503e-05	3.4203e-10	-10.0	-2.5	-1.176676575373658e-08
430.0	1.4505e-05	3.3998e-10	-10.0	-2.5	-1.006829424160142e-08
430.5	1.4506e-05	3.3851e-10	-10.0	-2.5	-9.369309134593342e-09
431.0	1.4507e-05	3.3768e-10	-10.0	-2.5	-8.669810432715235e-09
431.5	1.4507e-05	3.3734e-10	-10.0	-2.5	-8.969798135964209e-09
432.0	1.4506e-05	3.3595e-10	-10.0	-2.5	-1.0269272244343652e-08
432.5	1.4506e-05	3.3601e-10	-10.0	-2.5	-1.0568232757850873e-08
433.0	1.4505e-05	3.3502e-10	-10.0	-2.5	-1.186667967648687e-08
433.5	1.4507e-05	3.3443e-10	-10.0	-2.5	-1.0164613000251342e-08
434.0	1.4509e-05	3.3354e-10	-10.0	-2.5	-8.46203272914409e-09
434.5	1.451e-05	3.3435e-10	-10.0	-2.5	-7.758938863165613e-09
435.0	1.4511e-05	3.3372e-10	-10.0	-2.5	-7.055331402315413e-09
435.5	1.4512e-05	3.3234e-10	-10.0	-2.5	-6.351210346595184e-09
436.0	1.4513e-05	3.3264e-10	-10.0	-2.5	-5.646575696003232e-09
436.5	1.4513e-05	3.3174e-10	-10.0	-2.5	-5.94142745053836e-09
437.0	1.4512e-05	3.3123e-10	-10.0	-2.5	-7.2357656102039586e-09
437.5	1.4514e-05	3.3142e-10	-10.0	-2.5	-5.5295901749963374e-09
438.0	1.4515e-05	3.3043e-10	-10.0	-2.5	-4.822901144917492e-09
438.5	1.4515e-05	3.3127e-10	-10.0	-2.5	-5.115698519969115e-09
439.0	1.4516e-05	3.3052e-10	-10.0	-2.5	-4.407982300148517e-09
439.5	1.4517e-05	3.3003e-10	-10.0	-2.5	-3.699752485456195e-09
440.0	1.4517e-05	3.3016e-10	-10.0	-2.5	-3.991009075892649e-09
440.5	1.4517e-05	3.2893e-10	-10.0	-2.5	-4.281752071459073e-09
441.0	1.4517e-05	3.2967e-10	-10.0	-2.5	-4.57198147215208e-09
441.5	1.4519e-05	3.2955e-10	-10.0	-2.5	-2.8616972779757542e-09
442.0	1.4522e-05	3.29e-10	-10.0	-2.5	-1.5089948892720668e-10
442.5	1.4522e-05	3.2864e-10	-10.0	-2.5	-4.3958810500673766e-10
443.0	1.4522e-05	3.2911e-10	-10.0	-2.5	-7.277631262145453e-10
443.5	1.4524e-05	3.2867e-10	-10.0	-2.5	9.845754474486736e-10
444.0	1.4523e-05	3.2806e-10	-10.0	-2.5	-3.02572384016186e-10
444.5	1.4524e-05	3.2844e-10	-10.0	-2.5	4.107933793899809e-10
445.0	1.4526e-05	3.2782e-10	-10.0	-2.5	2.1246727376666758e-09
445.5	1.4527e-05	3.2785e-10	-10.0	-2.5	2.8390656908145953e-09
446.0	1.4527e-05	3.2796e-10	-10.0	-2.5	2.5539722388354336e-09
446.5	1.4527e-05	3.2817e-10	-10.0	-2.5	2.269392381726301e-09
447.0	1.4526e-05	3.2762e-10	-10.0	-2.5	9.853261194883934e-10
447.5	1.4528e-05	3.2757e-10	-10.0	-2.5	2.701773452123705e-09
448.0	1.4528e-05	3.2765e-10	-10.0	-2.5	2.4187343796297424e-09
448.5	1.4528e-05	3.2808e-10	-10.0	-2.5	2.1362089020058092e-09
449.0	1.4528e-05	3.2829e-10	-10.0	-2.5	1.8541970192535994e-09
449.5	1.4528e-05	3.2771e-10	-10.0	-2.5	1.5726987313731129e-09
450.0	1.453e-05	3.2759e-10	-10.0	-2.5	3.291714038363653e-09
450.5	1.453e-05	3.2769e-10	-10.0	-2.5	3.011242940226613e-09
451.0	1.4531e-05	3.2821e-10	-10.0	-2.5	3.731285436960101e-09
451.5	1.4533e-05	3.2848e-10	-10.0	-2.5	5.451841528564117e-09
452.0	1.4534e-05	3.2801e-10	-10.0	-2.5	6.172911215041052e-09
452.5	1.4533e-05	3.2751e-10	-10.0	-2.5	4.8944944963887126e-09
453.0	1.4534e-05	3.2806e-10	-10.0	-2.5	5.616591372609094e-09
453.5	1.4537e-05	3.2804e-10	-10.0	-2.5	8.339201843698808e-09
454.0	1.4538e-05	3.2794e-10	-10.0	-2.5	9.062325909660942e-09
454.5	1.4541e-05	3.2777e-10	-10.0	-2.5	1.1785963570494102e-08
455.0	1.4543e-05	3.2908e-10	-10.0	-2.5	1.3510114826198488e-08
455.5	1.4542e-05	3.2926e-10	-10.0	-2.5	1.2234779676776488e-08
456.0	1.4543e-05	3.29e-10	-10.0	-2.5	1.2959958122222128e-08
456.5	1.4545e-05	3.3021e-10	-10.0	-2.5	1.4685650162541683e-08
457.0	1.4545e-05	3.296e-10	-10.0	-2.5	1.4411855797731964e-08
457.5	1.4545e-05	3.2947e-10	-10.0	-2.5	1.4138575027793969e-08
458.0	1.4545e-05	3.2983e-10	-10.0	-2.5	1.3865807852726003e-08
458.5	1.4547e-05	3.2978e-10	-10.0	-2.5	1.5593554272530757e-08
459.0	1.4547e-05	3.3006e-10	-10.0	-2.5	1.5321814287206238e-08
459.5	1.4548e-05	3.3041e-10	-10.0	-2.5	1.605058789675394e-08
460.0	1.4546e-05	3.3002e-10	-10.0	-2.5	1.377987510117187e-08
460.5	1.455e-05	3.2974e-10	-10.0	-2.5	1.7509675900461127e-08
461.0	1.4553e-05	3.3008e-10	-10.0	-2.5	2.023999029462161e-08
461.5	1.4555e-05	3.3071e-10	-10.0	-2.5	2.1970818283656703e-08
462.0	1.4556e-05	3.3157e-10	-10.0	-2.5	2.270215986755794e-08
462.5	1.4557e-05	3.3136e-10	-10.0	-2.5	2.343401504633429e-08
463.0	1.4559e-05	3.3067e-10	-10.0	-2.5	2.516638381998286e-08
463.5	1.4559e-05	3.3078e-10	-10.0	-2.5	2.489926618850046e-08
464.0	1.4558e-05	3.3125e-10	-10.0	-2.5	2.363266215188929e-08
464.5	1.4558e-05	3.3124e-10	-10.0	-2.5	2.3366571710150337e-08
465.0	1.456e-05	3.3181e-10	-10.0	-2.5	2.5100994863282413e-08
465.5	1.4559e-05	3.3159e-10	-10.0	-2.5	2.383593161128641e-08
466.0	1.4562e-05	3.3243e-10	-10.0	-2.5	2.6571381954160737e-08
466.5	1.4561e-05	3.3183e-10	-10.0	-2.5	2.5307345891906487e-08
467.0	1.4564e-05	3.3325e-10	-10.0	-2.5	2.804382342452426e-08
467.5	1.4565e-05	3.3251e-10	-10.0	-2.5	2.8780814552014454e-08
468.0	1.4565e-05	3.325e-10	-10.0	-2.5	2.8518319274374178e-08
468.5	1.4568e-05	3.3322e-10	-10.0	-2.5	3.125633759160543e-08
469.0	1.4567e-05	3.3283e-10	-10.0	-2.5	2.99948695037081e-08
469.5	1.4568e-05	3.3376e-10	-10.0	-2.5	3.073391501068349e-08
470.0	1.4569e-05	3.3285e-10	-10.0	-2.5	3.147347411253061e-08
470.5	1.4571e-05	3.3368e-10	-10.0	-2.5	3.321354680924656e-08
471.0	1.4573e-05	3.3312e-10	-10.0	-2.5	3.495413310083423e-08
471.5	1.4575e-05	3.3404e-10	-10.0	-2.5	3.669523298729702e-08
472.0	1.4576e-05	3.3397e-10	-10.0	-2.5	3.743684646862764e-08
472.5	1.4575e-05	3.3397e-10	-10.0	-2.5	3.617897354483068e-08
473.0	1.4577e-05	3.3386e-10	-10.0	-2.5	3.792161421590355e-08
473.5	1.4577e-05	3.3454e-10	-10.0	-2.5	3.7664768481848846e-08
474.0	1.4576e-05	3.3436e-10	-10.0	-2.5	3.640843634266706e-08
474.5	1.4579e-05	3.34e-10	-10.0	-2.5	3.91526177983556e-08
475.0	1.4579e-05	3.3518e-10	-10.0	-2.5	3.889731284891606e-08
475.5	1.4581e-05	3.3391e-10	-10.0	-2.5	4.0642521494345857e-08
476.0	1.4581e-05	3.3436e-10	-10.0	-2.5	4.038824373464807e-08
476.5	1.4582e-05	3.3459e-10	-10.0	-2.5	4.113447956982251e-08
477.0	1.4582e-05	3.3452e-10	-10.0	-2.5	4.088122899986817e-08
477.5	1.4583e-05	3.3479e-10	-10.0	-2.5	4.162849202478436e-08
478.0	1.4583e-05	3.3503e-10	-10.0	-2.5	4.137626864457347e-08
478.5	1.4584e-05	3.352e-10	-10.0	-2.5	4.212455885923141e-08
479.0	1.4596e-05	1.0819e-10	-10.0	-2.5	5.3873362668763175e-08
479.5	1.4592e-05	1.3299e-10	-10.0	-2.5	4.962268007316546e-08
480.0	1.4593e-05	1.2242e-10	-10.0	-2.5	5.037251107243857e-08
480.5	1.4596e-05	1.2748e-10	-10.0	-2.5	5.312285566658271e-08
481.0	1.4601e-05	1.2911e-10	-10.0	-2.5	5.787371385559788e-08
481.5	1.4602e-05	1.1069e-10	-10.0	-2.5	5.862508563948616e-08
482.0	1.4604e-05	1.3691e-10	-10.0	-2.5	6.037697101824497e-08
482.5	1.4604e-05	1.4141e-10	-10.0	-2.5	6.01293699918762e-08
483.0	1.4606e-05	1.4262e-10	-10.0	-2.5	6.188228256037846e-08
483.5	1.4607e-05	1.473e-10	-10.0	-2.5	6.263570872375025e-08
484.0	1.4608e-05	1.4662e-10	-10.0	-2.5	6.338964848199545e-08
484.5	1.4608e-05	1.5117e-10	-10.0	-2.5	6.314410183511019e-08
485.0	1.4608e-05	1.537e-10	-10.0	-2.5	6.289906878309834e-08
485.5	1.4612e-05	1.5497e-10	-10.0	-2.5	6.665454932595682e-08
486.0	1.4614e-05	1.5761e-10	-10.0	-2.5	6.841054346368603e-08
486.5	1.4619e-05	1.5929e-10	-10.0	-2.5	7.316705119628846e-08
487.0	1.4616e-05	1.6216e-10	-10.0	-2.5	6.992407252376201e-08
487.5	1.4616e-05	1.6385e-10	-10.0	-2.5	6.968160744610539e-08
488.0	1.4618e-05	1.4876e-10	-10.0	-2.5	7.14396559633198e-08
488.5	1.4616e-05	1.6766e-10	-10.0	-2.5	6.919821807540733e-08
489.0	1.4617e-05	1.6821e-10	-10.0	-2.5	6.995729378236638e-08
489.5	1.4616e-05	1.6998e-10	-10.0	-2.5	6.871688308419615e-08
490.0	1.4618e-05	1.7169e-10	-10.0	-2.5	7.047698598089576e-08
490.5	1.4619e-05	1.7384e-10	-10.0	-2.5	7.123760247246829e-08
491.0	1.4621e-05	1.7505e-10	-10.0	-2.5	7.299873255891134e-08
491.5	1.4633e-05	1.328e-10	-10.0	-2.5	8.476037624022772e-08
492.0	1.4633e-05	1.8441e-10	-10.0	-2.5	8.452253351641491e-08
492.5	1.464e-05	1.5098e-10	-10.0	-2.5	9.128520438747224e-08
493.0	1.4628e-05	2.1857e-10	-10.0	-2.5	7.904838885340029e-08
493.5	1.4623e-05	2.1547e-10	-10.0	-2.5	7.381208691420186e-08
494.0	1.4623e-05	1.8142e-10	-10.0	-2.5	7.357629856987426e-08
494.5	1.4634e-05	1.8087e-10	-10.0	-2.5	8.434102382041709e-08
495.0	1.4622e-05	1.9927e-10	-10.0	-2.5	7.210626266583203e-08
495.5	1.4621e-05	1.8215e-10	-10.0	-2.5	7.08720151061174e-08
496.0	1.462e-05	1.8268e-10	-10.0	-2.5	6.963828114127619e-08
496.5	1.4621e-05	1.8408e-10	-10.0	-2.5	7.040506077130432e-08
497.0	1.462e-05	1.8638e-10	-10.0	-2.5	6.917235399620486e-08
497.5	1.462e-05	1.8653e-10	-10.0	-2.5	6.894016081597593e-08
498.0	1.4619e-05	1.8636e-10	-10.0	-2.5	6.770848123061992e-08
498.5	1.4622e-05	1.6927e-10	-10.0	-2.5	7.047731524013255e-08
499.0	1.4618e-05	1.8781e-10	-10.0	-2.5	6.624666284451849e-08
499.5	1.462e-05	1.881e-10	-10.0	-2.5	6.801652404377746e-08
500.0	1.4619e-05	1.8761e-10	-10.0	-2.5	6.678689883790495e-08
500.5	1.462e-05	1.8767e-10	-10.0	-2.5	6.755778722690517e-08
501.0	1.4621e-05	1.8848e-10	-10.0	-2.5	6.832918921077541e-08
501.5	1.4619e-05	1.8841e-10	-10.0	-2.5	6.610110478951928e-08
502.0	1.462e-05	1.8842e-10	-10.0	-2.5	6.687353396313297e-08
502.5	1.462e-05	1.89e-10	-10.0	-2.5	6.664647673161789e-08
503.0	1.4618e-05	1.8945e-10	-10.0	-2.5	6.441993309497353e-08
503.5	1.4616e-05	1.8958e-10	-10.0	-2.5	6.219390305320259e-08
504.0	1.4615e-05	1.8996e-10	-10.0	-2.5	6.096838660630218e-08
504.5	1.4615e-05	1.9085e-10	-10.0	-2.5	6.07433837542723e-08
505.0	1.4617e-05	1.898e-10	-10.0	-2.5	6.251889449711683e-08
505.5	1.4615e-05	1.9128e-10	-10.0	-2.5	6.029491883482939e-08
506.0	1.4615e-05	1.9142e-10	-10.0	-2.5	6.007145676741298e-08
506.5	1.4614e-05	1.9147e-10	-10.0	-2.5	5.8848508294869495e-08
507.0	1.4614e-05	1.9262e-10	-10.0	-2.5	5.862607341719823e-08
507.5	1.4614e-05	1.9055e-10	-10.0	-2.5	5.840415213439699e-08
508.0	1.4613e-05	1.9315e-10	-10.0	-2.5	5.718274444646867e-08
508.5	1.4614e-05	1.9124e-10	-10.0	-2.5	5.7961850353409686e-08
509.0	1.4613e-05	1.9238e-10	-10.0	-2.5	5.674146985522312e-08
509.5	1.4612e-05	1.9132e-10	-10.0	-2.5	5.5521602951908277e-08
510.0	1.4611e-05	1.9036e-10	-10.0	-2.5	5.430224964346346e-08
510.5	1.461e-05	1.9085e-10	-10.0	-2.5	5.308340992989207e-08
511.0	1.4612e-05	1.9337e-10	-10.0	-2.5	5.486508381118881e-08
511.5	1.4611e-05	1.9343e-10	-10.0	-2.5	5.3647271287359164e-08
512.0	1.461e-05	1.9272e-10	-10.0	-2.5	5.2429972358401244e-08
512.5	1.4609e-05	1.9339e-10	-10.0	-2.5	5.121318702431505e-08
513.0	1.4609e-05	1.9365e-10	-10.0	-2.5	5.0996915285097684e-08
513.5	1.461e-05	1.9342e-10	-10.0	-2.5	5.178115714075424e-08
514.0	1.4612e-05	1.9462e-10	-10.0	-2.5	5.356591259128132e-08
514.5	1.4612e-05	1.9423e-10	-10.0	-2.5	5.3351181636679125e-08
515.0	1.461e-05	1.9433e-10	-10.0	-2.5	5.113696427694935e-08
515.5	1.4611e-05	1.9422e-10	-10.0	-2.5	5.192326051208941e-08
516.0	1.461e-05	1.9356e-10	-10.0	-2.5	5.071007034210358e-08
516.5	1.4609e-05	1.9395e-10	-10.0	-2.5	4.949739376698609e-08
517.0	1.4607e-05	1.9444e-10	-10.0	-2.5	4.7285230786741516e-08
517.5	1.4607e-05	1.947e-10	-10.0	-2.5	4.707358140136797e-08
518.0	1.4605e-05	1.9458e-10	-10.0	-2.5	4.486244561086684e-08
518.5	1.4605e-05	1.9446e-10	-10.0	-2.5	4.465182341523505e-08
519.0	1.4603e-05	1.953e-10	-10.0	-2.5	4.244171481447737e-08
519.5	1.4603e-05	1.9421e-10	-10.0	-2.5	4.223211980858902e-08
520.0	1.4604e-05	1.9545e-10	-10.0	-2.5	4.30230383975712e-08
520.5	1.4602e-05	1.9517e-10	-10.0	-2.5	4.0814470581426995e-08
521.0	1.4602e-05	1.9568e-10	-10.0	-2.5	4.060641636015382e-08
521.5	1.4604e-05	1.958e-10	-10.0	-2.5	4.239887573374997e-08
522.0	1.4602e-05	1.9465e-10	-10.0	-2.5	4.019184870222094e-08
522.5	1.4602e-05	1.9529e-10	-10.0	-2.5	3.9985335265561235e-08
523.0	1.4597e-05	1.9534e-10	-10.0	-2.5	3.477933542377076e-08
523.5	1.4596e-05	1.9443e-10	-10.0	-2.5	3.35738491768557e-08
524.0	1.4597e-05	1.932e-10	-10.0	-2.5	3.4368876524809976e-08
524.5	1.4595e-05	1.9065e-10	-10.0	-2.5	3.216441746763617e-08
525.0	1.4595e-05	1.9058e-10	-10.0	-2.5	3.196047200533339e-08
525.5	1.4594e-05	1.9027e-10	-10.0	-2.5	3.0757040137901836e-08
526.0	1.4596e-05	1.9013e-10	-10.0	-2.5	3.2554121865341806e-08
526.5	1.4594e-05	1.8813e-10	-10.0	-2.5	3.03517171876532e-08
527.0	1.459e-05	1.9163e-10	-10.0	-2.5	2.614982610483532e-08
527.5	1.459e-05	1.9245e-10	-10.0	-2.5	2.5948448616889462e-08
528.0	1.459e-05	1.9257e-10	-10.0	-2.5	2.574758472381533e-08
528.5	1.4591e-05	1.945e-10	-10.0	-2.5	2.6547234425611723e-08
529.0	1.4591e-05	1.9604e-10	-10.0	-2.5	2.6347397722281037e-08
529.5	1.4592e-05	1.9513e-10	-10.0	-2.5	2.7148074613820878e-08
530.0	1.459e-05	1.9577e-10	-10.0	-2.5	2.4949265100230946e-08
530.5	1.459e-05	1.961e-10	-10.0	-2.5	2.4750969181513735e-08
531.0	1.4589e-05	1.963e-10	-10.0	-2.5	2.355318685766775e-08
531.5	1.459e-05	1.9672e-10	-10.0	-2.5	2.435591812869279e-08
532.0	1.4589e-05	1.9748e-10	-10.0	-2.5	2.315916299459025e-08
532.5	1.4589e-05	1.9587e-10	-10.0	-2.5	2.296292145535824e-08
533.0	1.4588e-05	1.963e-10	-10.0	-2.5	2.1767193510995758e-08
533.5	1.4587e-05	1.9729e-10	-10.0	-2.5	2.0571979161506694e-08
534.0	1.4585e-05	1.972e-10	-10.0	-2.5	1.8377278406888855e-08
534.5	1.4589e-05	1.9726e-10	-10.0	-2.5	2.2183091247142343e-08
535.0	1.4589e-05	1.9708e-10	-10.0	-2.5	2.1989417682267254e-08
535.5	1.4588e-05	1.9658e-10	-10.0	-2.5	2.079625771226339e-08
536.0	1.4589e-05	1.9682e-10	-10.0	-2.5	2.1603611337130552e-08
536.5	1.4588e-05	1.9673e-10	-10.0	-2.5	2.0411478556870135e-08
537.0	1.4588e-05	1.9716e-10	-10.0	-2.5	2.0219859371480245e-08
537.5	1.4587e-05	1.97e-10	-10.0	-2.5	1.902875378096158e-08
538.0	1.4589e-05	1.9731e-10	-10.0	-2.5	2.083816178531444e-08
538.5	1.4588e-05	1.9743e-10	-10.0	-2.5	1.9648083384539222e-08
539.0	1.4601e-05	3.479e-10	-10.0	-2.5	3.245851857863424e-08
539.5	1.4585e-05	4.0633e-10	-10.0	-2.5	1.6269467367601762e-08
540.0	1.4583e-05	4.0364e-10	-10.0	-2.5	1.4080929751441215e-08
540.5	1.4582e-05	4.0206e-10	-10.0	-2.5	1.2892905730151196e-08
541.0	1.458e-05	3.9924e-10	-10.0	-2.5	1.0705395303730708e-08
541.5	1.4579e-05	3.9595e-10	-10.0	-2.5	9.518398472184135e-09
542.0	1.4578e-05	3.9312e-10	-10.0	-2.5	8.331915235509286e-09
542.5	1.4576e-05	3.9191e-10	-10.0	-2.5	6.145945593703968e-09
543.0	1.4575e-05	3.883e-10	-10.0	-2.5	4.960489546770871e-09
543.5	1.4574e-05	3.8597e-10	-10.0	-2.5	3.775547094707804e-09
544.0	1.4574e-05	3.8383e-10	-10.0	-2.5	3.591118237518653e-09
544.5	1.4573e-05	3.8235e-10	-10.0	-2.5	2.4072029751990323e-09
545.0	1.4573e-05	3.802e-10	-10.0	-2.5	2.2238013077499396e-09
545.5	1.4571e-05	3.7693e-10	-10.0	-2.5	4.091323517496116e-11
546.0	1.457e-05	3.7578e-10	-10.0	-2.5	-1.1414612425311835e-09
546.5	1.4571e-05	3.7386e-10	-10.0	-2.5	-3.2332212536291343e-10
547.0	1.4574e-05	3.7178e-10	-10.0	-2.5	2.495330586674689e-09
547.5	1.4576e-05	3.7145e-10	-10.0	-2.5	4.314496893583516e-09
548.0	1.4574e-05	3.6877e-10	-10.0	-2.5	2.1341767953637664e-09
548.5	1.4575e-05	3.6841e-10	-10.0	-2.5	2.9543702920155416e-09
549.0	1.4575e-05	3.6686e-10	-10.0	-2.5	2.7750773835402356e-09
549.5	1.4577e-05	3.6552e-10	-10.0	-2.5	4.596298069934262e-09
550.0	1.4577e-05	3.6394e-10	-10.0	-2.5	4.418032351199015e-09
550.5	1.4576e-05	3.6249e-10	-10.0	-2.5	3.24028022733838e-09
551.0	1.4578e-05	3.6267e-10	-10.0	-2.5	5.0630416983458824e-09
551.5	1.4578e-05	3.6147e-10	-10.0	-2.5	4.886316764225805e-09
552.0	1.4578e-05	3.6081e-10	-10.0	-2.5	4.710105424977451e-09
552.5	1.4577e-05	3.598e-10	-10.0	-2.5	3.5344076806003214e-09
553.0	1.4577e-05	3.5885e-10	-10.0	-2.5	3.359223531095414e-09
553.5	1.4578e-05	3.5761e-10	-10.0	-2.5	4.184552976461034e-09
554.0	1.4577e-05	3.5695e-10	-10.0	-2.5	3.010396016697381e-09
554.5	1.4576e-05	3.5644e-10	-10.0	-2.5	1.8367526518071447e-09
555.0	1.4577e-05	3.5561e-10	-10.0	-2.5	2.663622881786241e-09
555.5	1.4578e-05	3.549e-10	-10.0	-2.5	3.4910067066370608e-09
556.0	1.4578e-05	3.5385e-10	-10.0	-2.5	3.318904126359105e-09
556.5	1.4578e-05	3.5365e-10	-10.0	-2.5	3.147315140952873e-09
557.0	1.4579e-05	3.5305e-10	-10.0	-2.5	3.9762397504188626e-09
557.5	1.4578e-05	3.5327e-10	-10.0	-2.5	2.8056779547555783e-09
558.0	1.4579e-05	3.5391e-10	-10.0	-2.5	3.6356297539633206e-09
558.5	1.4581e-05	3.5321e-10	-10.0	-2.5	5.466095148043285e-09
559.0	1.4582e-05	3.5245e-10	-10.0	-2.5	6.297074136994474e-09
559.5	1.4586e-05	3.527e-10	-10.0	-2.5	1.0128566720817188e-08
560.0	1.4587e-05	3.516e-10	-10.0	-2.5	1.0960572899508436e-08
560.5	1.4587e-05	3.5128e-10	-10.0	-2.5	1.0793092673074296e-08
561.0	1.4587e-05	3.4958e-10	-10.0	-2.5	1.0626126041510185e-08
561.5	1.4589e-05	3.5066e-10	-10.0	-2.5	1.2459673004818796e-08
562.0	1.4589e-05	3.5131e-10	-10.0	-2.5	1.2293733562998132e-08
562.5	1.459e-05	3.5076e-10	-10.0	-2.5	1.3128307716047996e-08
563.0	1.4589e-05	3.5089e-10	-10.0	-2.5	1.196339546397028e-08
563.5	1.4589e-05	3.5059e-10	-10.0	-2.5	1.1798996806763092e-08
564.0	1.4591e-05	3.5025e-10	-10.0	-2.5	1.3635111744426931e-08
564.5	1.4591e-05	3.5005e-10	-10.0	-2.5	1.347174027696319e-08
565.0	1.4594e-05	3.4867e-10	-10.0	-2.5	1.6308882404370974e-08
565.5	1.4596e-05	3.4917e-10	-10.0	-2.5	1.8146538126649983e-08
566.0	1.4597e-05	3.4996e-10	-10.0	-2.5	1.8984707443798522e-08
566.5	1.4596e-05	3.501e-10	-10.0	-2.5	1.7823390355821176e-08
567.0	1.4597e-05	3.4946e-10	-10.0	-2.5	1.8662586862713162e-08
567.5	1.4598e-05	3.4959e-10	-10.0	-2.5	1.950229696447687e-08
568.0	1.4599e-05	3.4911e-10	-10.0	-2.5	2.0342520661113998e-08
568.5	1.4599e-05	3.486e-10	-10.0	-2.5	2.0183257952620655e-08
569.0	1.46e-05	3.4945e-10	-10.0	-2.5	2.1024508838999535e-08
569.5	1.4602e-05	3.4878e-10	-10.0	-2.5	2.2866273320248942e-08
570.0	1.4601e-05	3.4799e-10	-10.0	-2.5	2.1708551396368577e-08
570.5	1.4604e-05	3.4902e-10	-10.0	-2.5	2.455134306736193e-08
571.0	1.4605e-05	3.486e-10	-10.0	-2.5	2.5394648333226008e-08
571.5	1.4606e-05	3.4952e-10	-10.0	-2.5	2.623846719396181e-08
572.0	1.4607e-05	3.4908e-10	-10.0	-2.5	2.7082799649565947e-08
572.5	1.4608e-05	3.4988e-10	-10.0	-2.5	2.7927645700045195e-08
573.0	1.4608e-05	3.4934e-10	-10.0	-2.5	2.7773005345393975e-08
573.5	1.4608e-05	3.5018e-10	-10.0	-2.5	2.7618878585614477e-08
574.0	1.4609e-05	3.4898e-10	-10.0	-2.5	2.8465265420707202e-08
574.5	1.4611e-05	3.4967e-10	-10.0	-2.5	3.0312165850670454e-08
575.0	1.4611e-05	3.4983e-10	-10.0	-2.5	3.015957987550443e-08
575.5	1.4611e-05	3.4955e-10	-10.0	-2.5	3.000750749521183e-08
576.0	1.4611e-05	3.4984e-10	-10.0	-2.5	2.9855948709789254e-08
576.5	1.4613e-05	3.4939e-10	-10.0	-2.5	3.17049035192394e-08
577.0	1.4615e-05	3.4993e-10	-10.0	-2.5	3.355437192355788e-08
577.5	1.4614e-05	3.5005e-10	-10.0	-2.5	3.240435392274998e-08
578.0	1.4612e-05	3.5078e-10	-10.0	-2.5	3.02548495168133e-08
578.5	1.4613e-05	3.4968e-10	-10.0	-2.5	3.1105858705748145e-08
579.0	1.4614e-05	3.5041e-10	-10.0	-2.5	3.195738148955302e-08
579.5	1.4614e-05	3.5042e-10	-10.0	-2.5	3.1809417868230815e-08
580.0	1.4618e-05	3.5088e-10	-10.0	-2.5	3.566196784177894e-08
580.5	1.4618e-05	3.514e-10	-10.0	-2.5	3.5515031410198486e-08
581.0	1.4622e-05	3.5144e-10	-10.0	-2.5	3.936860857349006e-08
581.5	1.4622e-05	3.5099e-10	-10.0	-2.5	3.922269933165305e-08
582.0	1.4622e-05	3.5128e-10	-10.0	-2.5	3.907730368468777e-08
582.5	1.4624e-05	3.5115e-10	-10.0	-2.5	4.093242163259182e-08
583.0	1.4625e-05	3.5125e-10	-10.0	-2.5	4.1788053175368785e-08
583.5	1.4627e-05	3.5172e-10	-10.0	-2.5	4.3644198313017976e-08
584.0	1.4626e-05	3.52e-10	-10.0	-2.5	4.250085704553739e-08
584.5	1.4626e-05	3.5161e-10	-10.0	-2.5	4.235802937292903e-08
585.0	1.4627e-05	3.5189e-10	-10.0	-2.5	4.32157152951912e-08
585.5	1.4628e-05	3.5188e-10	-10.0	-2.5	4.40739148123234e-08
586.0	1.463e-05	3.5139e-10	-10.0	-2.5	4.593262792432951e-08
586.5	1.4628e-05	3.5275e-10	-10.0	-2.5	4.379185463120535e-08
587.0	1.463e-05	3.5195e-10	-10.0	-2.5	4.565159493295491e-08
587.5	1.4633e-05	3.5192e-10	-10.0	-2.5	4.8511848829573304e-08
588.0	1.4633e-05	3.522e-10	-10.0	-2.5	4.837261632106362e-08
588.5	1.4633e-05	3.5205e-10	-10.0	-2.5	4.823389740742566e-08
589.0	1.4636e-05	3.5287e-10	-10.0	-2.5	5.109569208865922e-08
589.5	1.4637e-05	3.5217e-10	-10.0	-2.5	5.195800036476351e-08
590.0	1.4638e-05	3.5307e-10	-10.0	-2.5	5.282082223573952e-08
590.5	1.4639e-05	3.5223e-10	-10.0	-2.5	5.368415770158726e-08
591.0	1.4638e-05	3.5325e-10	-10.0	-2.5	5.254800676230572e-08
591.5	1.464e-05	3.5344e-10	-10.0	-2.5	5.441236941789571e-08
592.0	1.4641e-05	3.5376e-10	-10.0	-2.5	5.527724566835692e-08
592.5	1.4642e-05	3.5415e-10	-10.0	-2.5	5.6142635513689855e-08
593.0	1.4642e-05	3.5519e-10	-10.0	-2.5	5.6008538953894015e-08
593.5	1.4643e-05	3.5401e-10	-10.0	-2.5	5.68749559889704e-08
594.0	1.4644e-05	3.5516e-10	-10.0	-2.5	5.77418866189185e-08
594.5	1.4645e-05	3.5466e-10	-10.0	-2.5	5.860933084373494e-08
595.0	1.4645e-05	3.5543e-10	-10.0	-2.5	5.8477288663425997e-08
595.5	1.4645e-05	3.5463e-10	-10.0	-2.5	5.834576007798708e-08
596.0	1.4645e-05	3.5537e-10	-10.0	-2.5	5.8214745087419885e-08
596.5	1.4648e-05	3.5496e-10	-10.0	-2.5	6.108424369172252e-08
597.0	1.4649e-05	3.5522e-10	-10.0	-2.5	6.195425589089927e-08
597.5	1.465e-05	3.557e-10	-10.0	-2.5	6.282478168494605e-08
598.0	1.465e-05	3.5534e-10	-10.0	-2.5	6.269582107386406e-08
598.5	1.465e-05	3.5597e-10	-10.0	-2.5	6.256737405765379e-08
599.0	1.4649e-05	3.5518e-10	-10.0	-2.5	6.143944063631474e-08
599.5	1.465e-05	3.558e-10	-10.0	-2.5	6.231202080984672e-08
600.0	1.4652e-05	3.5603e-10	-10.0	-2.5	6.418511457824923e-08
